timestamp,metric,unit,region,value
2025-12-02T15:00:00+10:00,curtailment,MW,curtailment_NSW1,28201.258
2025-12-02T16:00:00+10:00,curtailment,MW,curtailment_NSW1,20387.031
2025-12-02T17:00:00+10:00,curtailment,MW,curtailment_NSW1,7487.1506
2025-12-02T18:00:00+10:00,curtailment,MW,curtailment_NSW1,92.483
2025-12-02T19:00:00+10:00,curtailment,MW,curtailment_NSW1,0.0
2025-12-02T20:00:00+10:00,curtailment,MW,curtailment_NSW1,0.0
2025-12-02T21:00:00+10:00,curtailment,MW,curtailment_NSW1,0.0
2025-12-02T22:00:00+10:00,curtailment,MW,curtailment_NSW1,0.0
2025-12-02T23:00:00+10:00,curtailment,MW,curtailment_NSW1,0.0
2025-12-03T00:00:00+10:00,curtailment,MW,curtailment_NSW1,0.0
2025-12-03T01:00:00+10:00,curtailment,MW,curtailment_NSW1,0.0
2025-12-03T02:00:00+10:00,curtailment,MW,curtailment_NSW1,0.0
2025-12-03T03:00:00+10:00,curtailment,MW,curtailment_NSW1,0.0
2025-12-03T04:00:00+10:00,curtailment,MW,curtailment_NSW1,0.0
2025-12-03T05:00:00+10:00,curtailment,MW,curtailment_NSW1,2.069
2025-12-03T06:00:00+10:00,curtailment,MW,curtailment_NSW1,3991.7193
2025-12-03T07:00:00+10:00,curtailment,MW,curtailment_NSW1,12229.434
2025-12-03T08:00:00+10:00,curtailment,MW,curtailment_NSW1,19688.716
2025-12-03T09:00:00+10:00,curtailment,MW,curtailment_NSW1,29951.587
2025-12-03T10:00:00+10:00,curtailment,MW,curtailment_NSW1,32834.083
2025-12-03T11:00:00+10:00,curtailment,MW,curtailment_NSW1,31563.384
2025-12-03T12:00:00+10:00,curtailment,MW,curtailment_NSW1,31703.825
2025-12-03T13:00:00+10:00,curtailment,MW,curtailment_NSW1,41789.053
2025-12-03T14:00:00+10:00,curtailment,MW,curtailment_NSW1,33276.145
2025-12-02T15:00:00+10:00,curtailment,MW,curtailment_QLD1,18148.137
2025-12-02T16:00:00+10:00,curtailment,MW,curtailment_QLD1,14203.271
2025-12-02T17:00:00+10:00,curtailment,MW,curtailment_QLD1,2403.7648
2025-12-02T18:00:00+10:00,curtailment,MW,curtailment_QLD1,12.459
2025-12-02T19:00:00+10:00,curtailment,MW,curtailment_QLD1,0.0
2025-12-02T20:00:00+10:00,curtailment,MW,curtailment_QLD1,0.0
2025-12-02T21:00:00+10:00,curtailment,MW,curtailment_QLD1,0.0
2025-12-02T22:00:00+10:00,curtailment,MW,curtailment_QLD1,0.0
2025-12-02T23:00:00+10:00,curtailment,MW,curtailment_QLD1,0.0
2025-12-03T00:00:00+10:00,curtailment,MW,curtailment_QLD1,2.098
2025-12-03T01:00:00+10:00,curtailment,MW,curtailment_QLD1,23.988
2025-12-03T02:00:00+10:00,curtailment,MW,curtailment_QLD1,23.988
2025-12-03T03:00:00+10:00,curtailment,MW,curtailment_QLD1,23.988
2025-12-03T04:00:00+10:00,curtailment,MW,curtailment_QLD1,12.6
2025-12-03T05:00:00+10:00,curtailment,MW,curtailment_QLD1,0.0
2025-12-03T06:00:00+10:00,curtailment,MW,curtailment_QLD1,869.2195
2025-12-03T07:00:00+10:00,curtailment,MW,curtailment_QLD1,9701.2762
2025-12-03T08:00:00+10:00,curtailment,MW,curtailment_QLD1,19798.194
2025-12-03T09:00:00+10:00,curtailment,MW,curtailment_QLD1,20910.833
2025-12-03T10:00:00+10:00,curtailment,MW,curtailment_QLD1,23545.944
2025-12-03T11:00:00+10:00,curtailment,MW,curtailment_QLD1,23285.457
2025-12-03T12:00:00+10:00,curtailment,MW,curtailment_QLD1,20205.289
2025-12-03T13:00:00+10:00,curtailment,MW,curtailment_QLD1,15043.644
2025-12-03T14:00:00+10:00,curtailment,MW,curtailment_QLD1,16302.988
2025-12-02T15:00:00+10:00,curtailment,MW,curtailment_SA1,4199.2118
2025-12-02T16:00:00+10:00,curtailment,MW,curtailment_SA1,2077.8957
2025-12-02T17:00:00+10:00,curtailment,MW,curtailment_SA1,869.541
2025-12-02T18:00:00+10:00,curtailment,MW,curtailment_SA1,0.0
2025-12-02T19:00:00+10:00,curtailment,MW,curtailment_SA1,0.0
2025-12-02T20:00:00+10:00,curtailment,MW,curtailment_SA1,0.0
2025-12-02T21:00:00+10:00,curtailment,MW,curtailment_SA1,0.0
2025-12-02T22:00:00+10:00,curtailment,MW,curtailment_SA1,0.0
2025-12-02T23:00:00+10:00,curtailment,MW,curtailment_SA1,0.0
2025-12-03T00:00:00+10:00,curtailment,MW,curtailment_SA1,0.0
2025-12-03T01:00:00+10:00,curtailment,MW,curtailment_SA1,0.0
2025-12-03T02:00:00+10:00,curtailment,MW,curtailment_SA1,7.6
2025-12-03T03:00:00+10:00,curtailment,MW,curtailment_SA1,22.7
2025-12-03T04:00:00+10:00,curtailment,MW,curtailment_SA1,37.216
2025-12-03T05:00:00+10:00,curtailment,MW,curtailment_SA1,53.388
2025-12-03T06:00:00+10:00,curtailment,MW,curtailment_SA1,709.7808
2025-12-03T07:00:00+10:00,curtailment,MW,curtailment_SA1,2071.5955
2025-12-03T08:00:00+10:00,curtailment,MW,curtailment_SA1,7976.583
2025-12-03T09:00:00+10:00,curtailment,MW,curtailment_SA1,12251.127
2025-12-03T10:00:00+10:00,curtailment,MW,curtailment_SA1,14224.24
2025-12-03T11:00:00+10:00,curtailment,MW,curtailment_SA1,14683.194
2025-12-03T12:00:00+10:00,curtailment,MW,curtailment_SA1,14526.632
2025-12-03T13:00:00+10:00,curtailment,MW,curtailment_SA1,13668.478
2025-12-03T14:00:00+10:00,curtailment,MW,curtailment_SA1,11858.514
2025-12-02T15:00:00+10:00,curtailment,MW,curtailment_TAS1,0.0
2025-12-02T16:00:00+10:00,curtailment,MW,curtailment_TAS1,7.8017
2025-12-02T17:00:00+10:00,curtailment,MW,curtailment_TAS1,0.0
2025-12-02T18:00:00+10:00,curtailment,MW,curtailment_TAS1,0.0
2025-12-02T19:00:00+10:00,curtailment,MW,curtailment_TAS1,0.0
2025-12-02T20:00:00+10:00,curtailment,MW,curtailment_TAS1,0.0
2025-12-02T21:00:00+10:00,curtailment,MW,curtailment_TAS1,0.0
2025-12-02T22:00:00+10:00,curtailment,MW,curtailment_TAS1,0.0
2025-12-02T23:00:00+10:00,curtailment,MW,curtailment_TAS1,0.0
2025-12-03T00:00:00+10:00,curtailment,MW,curtailment_TAS1,0.0
2025-12-03T01:00:00+10:00,curtailment,MW,curtailment_TAS1,0.0
2025-12-03T02:00:00+10:00,curtailment,MW,curtailment_TAS1,0.0
2025-12-03T03:00:00+10:00,curtailment,MW,curtailment_TAS1,0.0
2025-12-03T04:00:00+10:00,curtailment,MW,curtailment_TAS1,0.0
2025-12-03T05:00:00+10:00,curtailment,MW,curtailment_TAS1,0.0
2025-12-03T06:00:00+10:00,curtailment,MW,curtailment_TAS1,0.0
2025-12-03T07:00:00+10:00,curtailment,MW,curtailment_TAS1,0.0
2025-12-03T08:00:00+10:00,curtailment,MW,curtailment_TAS1,0.0
2025-12-03T09:00:00+10:00,curtailment,MW,curtailment_TAS1,0.0
2025-12-03T10:00:00+10:00,curtailment,MW,curtailment_TAS1,0.0
2025-12-03T11:00:00+10:00,curtailment,MW,curtailment_TAS1,0.0
2025-12-03T12:00:00+10:00,curtailment,MW,curtailment_TAS1,0.0
2025-12-03T13:00:00+10:00,curtailment,MW,curtailment_TAS1,2.4233
2025-12-03T14:00:00+10:00,curtailment,MW,curtailment_TAS1,0.0
2025-12-02T15:00:00+10:00,curtailment,MW,curtailment_VIC1,8708.2556
2025-12-02T16:00:00+10:00,curtailment,MW,curtailment_VIC1,5633.6551
2025-12-02T17:00:00+10:00,curtailment,MW,curtailment_VIC1,1515.4357
2025-12-02T18:00:00+10:00,curtailment,MW,curtailment_VIC1,-3.83
2025-12-02T19:00:00+10:00,curtailment,MW,curtailment_VIC1,0.0
2025-12-02T20:00:00+10:00,curtailment,MW,curtailment_VIC1,0.0
2025-12-02T21:00:00+10:00,curtailment,MW,curtailment_VIC1,0.0
2025-12-02T22:00:00+10:00,curtailment,MW,curtailment_VIC1,0.0
2025-12-02T23:00:00+10:00,curtailment,MW,curtailment_VIC1,0.0
2025-12-03T00:00:00+10:00,curtailment,MW,curtailment_VIC1,0.0
2025-12-03T01:00:00+10:00,curtailment,MW,curtailment_VIC1,0.0
2025-12-03T02:00:00+10:00,curtailment,MW,curtailment_VIC1,0.0
2025-12-03T03:00:00+10:00,curtailment,MW,curtailment_VIC1,0.0
2025-12-03T04:00:00+10:00,curtailment,MW,curtailment_VIC1,0.0
2025-12-03T05:00:00+10:00,curtailment,MW,curtailment_VIC1,0.643
2025-12-03T06:00:00+10:00,curtailment,MW,curtailment_VIC1,9044.996
2025-12-03T07:00:00+10:00,curtailment,MW,curtailment_VIC1,11670.194
2025-12-03T08:00:00+10:00,curtailment,MW,curtailment_VIC1,18419.468
2025-12-03T09:00:00+10:00,curtailment,MW,curtailment_VIC1,27830.767
2025-12-03T10:00:00+10:00,curtailment,MW,curtailment_VIC1,29554.755
2025-12-03T11:00:00+10:00,curtailment,MW,curtailment_VIC1,29312.604
2025-12-03T12:00:00+10:00,curtailment,MW,curtailment_VIC1,29246.667
2025-12-03T13:00:00+10:00,curtailment,MW,curtailment_VIC1,31956.557
2025-12-03T14:00:00+10:00,curtailment,MW,curtailment_VIC1,31553.097
2025-12-02T15:00:00+10:00,curtailment_solar_utility,MW,curtailment_solar_utility_NSW1,24394.821
2025-12-02T16:00:00+10:00,curtailment_solar_utility,MW,curtailment_solar_utility_NSW1,17737.651
2025-12-02T17:00:00+10:00,curtailment_solar_utility,MW,curtailment_solar_utility_NSW1,5856.024
2025-12-02T18:00:00+10:00,curtailment_solar_utility,MW,curtailment_solar_utility_NSW1,15.9636
2025-12-02T19:00:00+10:00,curtailment_solar_utility,MW,curtailment_solar_utility_NSW1,0.0
2025-12-02T20:00:00+10:00,curtailment_solar_utility,MW,curtailment_solar_utility_NSW1,0.0
2025-12-02T21:00:00+10:00,curtailment_solar_utility,MW,curtailment_solar_utility_NSW1,0.0
2025-12-02T22:00:00+10:00,curtailment_solar_utility,MW,curtailment_solar_utility_NSW1,0.0
2025-12-02T23:00:00+10:00,curtailment_solar_utility,MW,curtailment_solar_utility_NSW1,0.0
2025-12-03T00:00:00+10:00,curtailment_solar_utility,MW,curtailment_solar_utility_NSW1,0.0
2025-12-03T01:00:00+10:00,curtailment_solar_utility,MW,curtailment_solar_utility_NSW1,0.0
2025-12-03T02:00:00+10:00,curtailment_solar_utility,MW,curtailment_solar_utility_NSW1,0.0
2025-12-03T03:00:00+10:00,curtailment_solar_utility,MW,curtailment_solar_utility_NSW1,0.0
2025-12-03T04:00:00+10:00,curtailment_solar_utility,MW,curtailment_solar_utility_NSW1,0.0
2025-12-03T05:00:00+10:00,curtailment_solar_utility,MW,curtailment_solar_utility_NSW1,2.069
2025-12-03T06:00:00+10:00,curtailment_solar_utility,MW,curtailment_solar_utility_NSW1,3828.2643
2025-12-03T07:00:00+10:00,curtailment_solar_utility,MW,curtailment_solar_utility_NSW1,11918.179
2025-12-03T08:00:00+10:00,curtailment_solar_utility,MW,curtailment_solar_utility_NSW1,19589.504
2025-12-03T09:00:00+10:00,curtailment_solar_utility,MW,curtailment_solar_utility_NSW1,29293.262
2025-12-03T10:00:00+10:00,curtailment_solar_utility,MW,curtailment_solar_utility_NSW1,31722.662
2025-12-03T11:00:00+10:00,curtailment_solar_utility,MW,curtailment_solar_utility_NSW1,30531.756
2025-12-03T12:00:00+10:00,curtailment_solar_utility,MW,curtailment_solar_utility_NSW1,30423.263
2025-12-03T13:00:00+10:00,curtailment_solar_utility,MW,curtailment_solar_utility_NSW1,39817.674
2025-12-03T14:00:00+10:00,curtailment_solar_utility,MW,curtailment_solar_utility_NSW1,31669.054
2025-12-02T15:00:00+10:00,curtailment_solar_utility,MW,curtailment_solar_utility_QLD1,14263.093
2025-12-02T16:00:00+10:00,curtailment_solar_utility,MW,curtailment_solar_utility_QLD1,10627.243
2025-12-02T17:00:00+10:00,curtailment_solar_utility,MW,curtailment_solar_utility_QLD1,1873.5604
2025-12-02T18:00:00+10:00,curtailment_solar_utility,MW,curtailment_solar_utility_QLD1,12.459
2025-12-02T19:00:00+10:00,curtailment_solar_utility,MW,curtailment_solar_utility_QLD1,0.0
2025-12-02T20:00:00+10:00,curtailment_solar_utility,MW,curtailment_solar_utility_QLD1,0.0
2025-12-02T21:00:00+10:00,curtailment_solar_utility,MW,curtailment_solar_utility_QLD1,0.0
2025-12-02T22:00:00+10:00,curtailment_solar_utility,MW,curtailment_solar_utility_QLD1,0.0
2025-12-02T23:00:00+10:00,curtailment_solar_utility,MW,curtailment_solar_utility_QLD1,0.0
2025-12-03T00:00:00+10:00,curtailment_solar_utility,MW,curtailment_solar_utility_QLD1,0.0
2025-12-03T01:00:00+10:00,curtailment_solar_utility,MW,curtailment_solar_utility_QLD1,0.0
2025-12-03T02:00:00+10:00,curtailment_solar_utility,MW,curtailment_solar_utility_QLD1,0.0
2025-12-03T03:00:00+10:00,curtailment_solar_utility,MW,curtailment_solar_utility_QLD1,0.0
2025-12-03T04:00:00+10:00,curtailment_solar_utility,MW,curtailment_solar_utility_QLD1,0.0
2025-12-03T05:00:00+10:00,curtailment_solar_utility,MW,curtailment_solar_utility_QLD1,0.0
2025-12-03T06:00:00+10:00,curtailment_solar_utility,MW,curtailment_solar_utility_QLD1,713.6421
2025-12-03T07:00:00+10:00,curtailment_solar_utility,MW,curtailment_solar_utility_QLD1,5911.0752
2025-12-03T08:00:00+10:00,curtailment_solar_utility,MW,curtailment_solar_utility_QLD1,15758.682
2025-12-03T09:00:00+10:00,curtailment_solar_utility,MW,curtailment_solar_utility_QLD1,18433.077
2025-12-03T10:00:00+10:00,curtailment_solar_utility,MW,curtailment_solar_utility_QLD1,22384.479
2025-12-03T11:00:00+10:00,curtailment_solar_utility,MW,curtailment_solar_utility_QLD1,22230.856
2025-12-03T12:00:00+10:00,curtailment_solar_utility,MW,curtailment_solar_utility_QLD1,19065.063
2025-12-03T13:00:00+10:00,curtailment_solar_utility,MW,curtailment_solar_utility_QLD1,13530.225
2025-12-03T14:00:00+10:00,curtailment_solar_utility,MW,curtailment_solar_utility_QLD1,15402.254
2025-12-02T15:00:00+10:00,curtailment_solar_utility,MW,curtailment_solar_utility_SA1,3358.776
2025-12-02T16:00:00+10:00,curtailment_solar_utility,MW,curtailment_solar_utility_SA1,1371.7956
2025-12-02T17:00:00+10:00,curtailment_solar_utility,MW,curtailment_solar_utility_SA1,715.7228
2025-12-02T18:00:00+10:00,curtailment_solar_utility,MW,curtailment_solar_utility_SA1,0.0
2025-12-02T19:00:00+10:00,curtailment_solar_utility,MW,curtailment_solar_utility_SA1,0.0
2025-12-02T20:00:00+10:00,curtailment_solar_utility,MW,curtailment_solar_utility_SA1,0.0
2025-12-02T21:00:00+10:00,curtailment_solar_utility,MW,curtailment_solar_utility_SA1,0.0
2025-12-02T22:00:00+10:00,curtailment_solar_utility,MW,curtailment_solar_utility_SA1,0.0
2025-12-02T23:00:00+10:00,curtailment_solar_utility,MW,curtailment_solar_utility_SA1,0.0
2025-12-03T00:00:00+10:00,curtailment_solar_utility,MW,curtailment_solar_utility_SA1,0.0
2025-12-03T01:00:00+10:00,curtailment_solar_utility,MW,curtailment_solar_utility_SA1,0.0
2025-12-03T02:00:00+10:00,curtailment_solar_utility,MW,curtailment_solar_utility_SA1,0.0
2025-12-03T03:00:00+10:00,curtailment_solar_utility,MW,curtailment_solar_utility_SA1,0.0
2025-12-03T04:00:00+10:00,curtailment_solar_utility,MW,curtailment_solar_utility_SA1,0.0
2025-12-03T05:00:00+10:00,curtailment_solar_utility,MW,curtailment_solar_utility_SA1,0.0
2025-12-03T06:00:00+10:00,curtailment_solar_utility,MW,curtailment_solar_utility_SA1,232.278
2025-12-03T07:00:00+10:00,curtailment_solar_utility,MW,curtailment_solar_utility_SA1,928.019
2025-12-03T08:00:00+10:00,curtailment_solar_utility,MW,curtailment_solar_utility_SA1,4149.9902
2025-12-03T09:00:00+10:00,curtailment_solar_utility,MW,curtailment_solar_utility_SA1,5681.556
2025-12-03T10:00:00+10:00,curtailment_solar_utility,MW,curtailment_solar_utility_SA1,5870.4751
2025-12-03T11:00:00+10:00,curtailment_solar_utility,MW,curtailment_solar_utility_SA1,6234.5672
2025-12-03T12:00:00+10:00,curtailment_solar_utility,MW,curtailment_solar_utility_SA1,6413.3472
2025-12-03T13:00:00+10:00,curtailment_solar_utility,MW,curtailment_solar_utility_SA1,6420.223
2025-12-03T14:00:00+10:00,curtailment_solar_utility,MW,curtailment_solar_utility_SA1,4862.189
2025-12-02T15:00:00+10:00,curtailment_solar_utility,MW,curtailment_solar_utility_TAS1,0.0
2025-12-02T16:00:00+10:00,curtailment_solar_utility,MW,curtailment_solar_utility_TAS1,0.0
2025-12-02T17:00:00+10:00,curtailment_solar_utility,MW,curtailment_solar_utility_TAS1,0.0
2025-12-02T18:00:00+10:00,curtailment_solar_utility,MW,curtailment_solar_utility_TAS1,0.0
2025-12-02T19:00:00+10:00,curtailment_solar_utility,MW,curtailment_solar_utility_TAS1,0.0
2025-12-02T20:00:00+10:00,curtailment_solar_utility,MW,curtailment_solar_utility_TAS1,0.0
2025-12-02T21:00:00+10:00,curtailment_solar_utility,MW,curtailment_solar_utility_TAS1,0.0
2025-12-02T22:00:00+10:00,curtailment_solar_utility,MW,curtailment_solar_utility_TAS1,0.0
2025-12-02T23:00:00+10:00,curtailment_solar_utility,MW,curtailment_solar_utility_TAS1,0.0
2025-12-03T00:00:00+10:00,curtailment_solar_utility,MW,curtailment_solar_utility_TAS1,0.0
2025-12-03T01:00:00+10:00,curtailment_solar_utility,MW,curtailment_solar_utility_TAS1,0.0
2025-12-03T02:00:00+10:00,curtailment_solar_utility,MW,curtailment_solar_utility_TAS1,0.0
2025-12-03T03:00:00+10:00,curtailment_solar_utility,MW,curtailment_solar_utility_TAS1,0.0
2025-12-03T04:00:00+10:00,curtailment_solar_utility,MW,curtailment_solar_utility_TAS1,0.0
2025-12-03T05:00:00+10:00,curtailment_solar_utility,MW,curtailment_solar_utility_TAS1,0.0
2025-12-03T06:00:00+10:00,curtailment_solar_utility,MW,curtailment_solar_utility_TAS1,0.0
2025-12-03T07:00:00+10:00,curtailment_solar_utility,MW,curtailment_solar_utility_TAS1,0.0
2025-12-03T08:00:00+10:00,curtailment_solar_utility,MW,curtailment_solar_utility_TAS1,0.0
2025-12-03T09:00:00+10:00,curtailment_solar_utility,MW,curtailment_solar_utility_TAS1,0.0
2025-12-03T10:00:00+10:00,curtailment_solar_utility,MW,curtailment_solar_utility_TAS1,0.0
2025-12-03T11:00:00+10:00,curtailment_solar_utility,MW,curtailment_solar_utility_TAS1,0.0
2025-12-03T12:00:00+10:00,curtailment_solar_utility,MW,curtailment_solar_utility_TAS1,0.0
2025-12-03T13:00:00+10:00,curtailment_solar_utility,MW,curtailment_solar_utility_TAS1,0.0
2025-12-03T14:00:00+10:00,curtailment_solar_utility,MW,curtailment_solar_utility_TAS1,0.0
2025-12-02T15:00:00+10:00,curtailment_solar_utility,MW,curtailment_solar_utility_VIC1,4469.6517
2025-12-02T16:00:00+10:00,curtailment_solar_utility,MW,curtailment_solar_utility_VIC1,1994.5701
2025-12-02T17:00:00+10:00,curtailment_solar_utility,MW,curtailment_solar_utility_VIC1,584.746
2025-12-02T18:00:00+10:00,curtailment_solar_utility,MW,curtailment_solar_utility_VIC1,-3.83
2025-12-02T19:00:00+10:00,curtailment_solar_utility,MW,curtailment_solar_utility_VIC1,0.0
2025-12-02T20:00:00+10:00,curtailment_solar_utility,MW,curtailment_solar_utility_VIC1,0.0
2025-12-02T21:00:00+10:00,curtailment_solar_utility,MW,curtailment_solar_utility_VIC1,0.0
2025-12-02T22:00:00+10:00,curtailment_solar_utility,MW,curtailment_solar_utility_VIC1,0.0
2025-12-02T23:00:00+10:00,curtailment_solar_utility,MW,curtailment_solar_utility_VIC1,0.0
2025-12-03T00:00:00+10:00,curtailment_solar_utility,MW,curtailment_solar_utility_VIC1,0.0
2025-12-03T01:00:00+10:00,curtailment_solar_utility,MW,curtailment_solar_utility_VIC1,0.0
2025-12-03T02:00:00+10:00,curtailment_solar_utility,MW,curtailment_solar_utility_VIC1,0.0
2025-12-03T03:00:00+10:00,curtailment_solar_utility,MW,curtailment_solar_utility_VIC1,0.0
2025-12-03T04:00:00+10:00,curtailment_solar_utility,MW,curtailment_solar_utility_VIC1,0.0
2025-12-03T05:00:00+10:00,curtailment_solar_utility,MW,curtailment_solar_utility_VIC1,0.643
2025-12-03T06:00:00+10:00,curtailment_solar_utility,MW,curtailment_solar_utility_VIC1,698.9425
2025-12-03T07:00:00+10:00,curtailment_solar_utility,MW,curtailment_solar_utility_VIC1,2494.2581
2025-12-03T08:00:00+10:00,curtailment_solar_utility,MW,curtailment_solar_utility_VIC1,4779.5238
2025-12-03T09:00:00+10:00,curtailment_solar_utility,MW,curtailment_solar_utility_VIC1,4787.6324
2025-12-03T10:00:00+10:00,curtailment_solar_utility,MW,curtailment_solar_utility_VIC1,4824.6323
2025-12-03T11:00:00+10:00,curtailment_solar_utility,MW,curtailment_solar_utility_VIC1,4903.9622
2025-12-03T12:00:00+10:00,curtailment_solar_utility,MW,curtailment_solar_utility_VIC1,4901.3503
2025-12-03T13:00:00+10:00,curtailment_solar_utility,MW,curtailment_solar_utility_VIC1,5456.2234
2025-12-03T14:00:00+10:00,curtailment_solar_utility,MW,curtailment_solar_utility_VIC1,5488.9278
2025-12-02T15:00:00+10:00,curtailment_solar_utility_energy,MWh,curtailment_solar_utility_energy_NSW1,2.069
2025-12-02T16:00:00+10:00,curtailment_solar_utility_energy,MWh,curtailment_solar_utility_energy_NSW1,1.5052
2025-12-02T17:00:00+10:00,curtailment_solar_utility_energy,MWh,curtailment_solar_utility_energy_NSW1,0.5294
2025-12-02T18:00:00+10:00,curtailment_solar_utility_energy,MWh,curtailment_solar_utility_energy_NSW1,0.0014
2025-12-02T19:00:00+10:00,curtailment_solar_utility_energy,MWh,curtailment_solar_utility_energy_NSW1,0.0
2025-12-02T20:00:00+10:00,curtailment_solar_utility_energy,MWh,curtailment_solar_utility_energy_NSW1,0.0
2025-12-02T21:00:00+10:00,curtailment_solar_utility_energy,MWh,curtailment_solar_utility_energy_NSW1,0.0
2025-12-02T22:00:00+10:00,curtailment_solar_utility_energy,MWh,curtailment_solar_utility_energy_NSW1,0.0
2025-12-02T23:00:00+10:00,curtailment_solar_utility_energy,MWh,curtailment_solar_utility_energy_NSW1,0.0
2025-12-03T00:00:00+10:00,curtailment_solar_utility_energy,MWh,curtailment_solar_utility_energy_NSW1,0.0
2025-12-03T01:00:00+10:00,curtailment_solar_utility_energy,MWh,curtailment_solar_utility_energy_NSW1,0.0
2025-12-03T02:00:00+10:00,curtailment_solar_utility_energy,MWh,curtailment_solar_utility_energy_NSW1,0.0
2025-12-03T03:00:00+10:00,curtailment_solar_utility_energy,MWh,curtailment_solar_utility_energy_NSW1,0.0
2025-12-03T04:00:00+10:00,curtailment_solar_utility_energy,MWh,curtailment_solar_utility_energy_NSW1,0.0
2025-12-03T05:00:00+10:00,curtailment_solar_utility_energy,MWh,curtailment_solar_utility_energy_NSW1,0.0002
2025-12-03T06:00:00+10:00,curtailment_solar_utility_energy,MWh,curtailment_solar_utility_energy_NSW1,0.2914
2025-12-03T07:00:00+10:00,curtailment_solar_utility_energy,MWh,curtailment_solar_utility_energy_NSW1,0.9669
2025-12-03T08:00:00+10:00,curtailment_solar_utility_energy,MWh,curtailment_solar_utility_energy_NSW1,1.5987
2025-12-03T09:00:00+10:00,curtailment_solar_utility_energy,MWh,curtailment_solar_utility_energy_NSW1,2.4263
2025-12-03T10:00:00+10:00,curtailment_solar_utility_energy,MWh,curtailment_solar_utility_energy_NSW1,2.6335
2025-12-03T11:00:00+10:00,curtailment_solar_utility_energy,MWh,curtailment_solar_utility_energy_NSW1,2.5577
2025-12-03T12:00:00+10:00,curtailment_solar_utility_energy,MWh,curtailment_solar_utility_energy_NSW1,2.5209
2025-12-03T13:00:00+10:00,curtailment_solar_utility_energy,MWh,curtailment_solar_utility_energy_NSW1,3.279
2025-12-03T14:00:00+10:00,curtailment_solar_utility_energy,MWh,curtailment_solar_utility_energy_NSW1,2.7043
2025-12-02T15:00:00+10:00,curtailment_solar_utility_energy,MWh,curtailment_solar_utility_energy_QLD1,1.1921
2025-12-02T16:00:00+10:00,curtailment_solar_utility_energy,MWh,curtailment_solar_utility_energy_QLD1,0.9134
2025-12-02T17:00:00+10:00,curtailment_solar_utility_energy,MWh,curtailment_solar_utility_energy_QLD1,0.1768
2025-12-02T18:00:00+10:00,curtailment_solar_utility_energy,MWh,curtailment_solar_utility_energy_QLD1,0.0016
2025-12-02T19:00:00+10:00,curtailment_solar_utility_energy,MWh,curtailment_solar_utility_energy_QLD1,0.0
2025-12-02T20:00:00+10:00,curtailment_solar_utility_energy,MWh,curtailment_solar_utility_energy_QLD1,0.0
2025-12-02T21:00:00+10:00,curtailment_solar_utility_energy,MWh,curtailment_solar_utility_energy_QLD1,0.0
2025-12-02T22:00:00+10:00,curtailment_solar_utility_energy,MWh,curtailment_solar_utility_energy_QLD1,0.0
2025-12-02T23:00:00+10:00,curtailment_solar_utility_energy,MWh,curtailment_solar_utility_energy_QLD1,0.0
2025-12-03T00:00:00+10:00,curtailment_solar_utility_energy,MWh,curtailment_solar_utility_energy_QLD1,0.0
2025-12-03T01:00:00+10:00,curtailment_solar_utility_energy,MWh,curtailment_solar_utility_energy_QLD1,0.0
2025-12-03T02:00:00+10:00,curtailment_solar_utility_energy,MWh,curtailment_solar_utility_energy_QLD1,0.0
2025-12-03T03:00:00+10:00,curtailment_solar_utility_energy,MWh,curtailment_solar_utility_energy_QLD1,0.0
2025-12-03T04:00:00+10:00,curtailment_solar_utility_energy,MWh,curtailment_solar_utility_energy_QLD1,0.0
2025-12-03T05:00:00+10:00,curtailment_solar_utility_energy,MWh,curtailment_solar_utility_energy_QLD1,0.0
2025-12-03T06:00:00+10:00,curtailment_solar_utility_energy,MWh,curtailment_solar_utility_energy_QLD1,0.0572
2025-12-03T07:00:00+10:00,curtailment_solar_utility_energy,MWh,curtailment_solar_utility_energy_QLD1,0.458
2025-12-03T08:00:00+10:00,curtailment_solar_utility_energy,MWh,curtailment_solar_utility_energy_QLD1,1.2891
2025-12-03T09:00:00+10:00,curtailment_solar_utility_energy,MWh,curtailment_solar_utility_energy_QLD1,1.5354
2025-12-03T10:00:00+10:00,curtailment_solar_utility_energy,MWh,curtailment_solar_utility_energy_QLD1,1.8474
2025-12-03T11:00:00+10:00,curtailment_solar_utility_energy,MWh,curtailment_solar_utility_energy_QLD1,1.8506
2025-12-03T12:00:00+10:00,curtailment_solar_utility_energy,MWh,curtailment_solar_utility_energy_QLD1,1.6012
2025-12-03T13:00:00+10:00,curtailment_solar_utility_energy,MWh,curtailment_solar_utility_energy_QLD1,1.1586
2025-12-03T14:00:00+10:00,curtailment_solar_utility_energy,MWh,curtailment_solar_utility_energy_QLD1,1.2664
2025-12-02T15:00:00+10:00,curtailment_solar_utility_energy,MWh,curtailment_solar_utility_energy_SA1,0.2839
2025-12-02T16:00:00+10:00,curtailment_solar_utility_energy,MWh,curtailment_solar_utility_energy_SA1,0.1162
2025-12-02T17:00:00+10:00,curtailment_solar_utility_energy,MWh,curtailment_solar_utility_energy_SA1,0.0645
2025-12-02T18:00:00+10:00,curtailment_solar_utility_energy,MWh,curtailment_solar_utility_energy_SA1,0.0
2025-12-02T19:00:00+10:00,curtailment_solar_utility_energy,MWh,curtailment_solar_utility_energy_SA1,0.0
2025-12-02T20:00:00+10:00,curtailment_solar_utility_energy,MWh,curtailment_solar_utility_energy_SA1,0.0
2025-12-02T21:00:00+10:00,curtailment_solar_utility_energy,MWh,curtailment_solar_utility_energy_SA1,0.0
2025-12-02T22:00:00+10:00,curtailment_solar_utility_energy,MWh,curtailment_solar_utility_energy_SA1,0.0
2025-12-02T23:00:00+10:00,curtailment_solar_utility_energy,MWh,curtailment_solar_utility_energy_SA1,0.0
2025-12-03T00:00:00+10:00,curtailment_solar_utility_energy,MWh,curtailment_solar_utility_energy_SA1,0.0
2025-12-03T01:00:00+10:00,curtailment_solar_utility_energy,MWh,curtailment_solar_utility_energy_SA1,0.0
2025-12-03T02:00:00+10:00,curtailment_solar_utility_energy,MWh,curtailment_solar_utility_energy_SA1,0.0
2025-12-03T03:00:00+10:00,curtailment_solar_utility_energy,MWh,curtailment_solar_utility_energy_SA1,0.0
2025-12-03T04:00:00+10:00,curtailment_solar_utility_energy,MWh,curtailment_solar_utility_energy_SA1,0.0
2025-12-03T05:00:00+10:00,curtailment_solar_utility_energy,MWh,curtailment_solar_utility_energy_SA1,0.0
2025-12-03T06:00:00+10:00,curtailment_solar_utility_energy,MWh,curtailment_solar_utility_energy_SA1,0.0173
2025-12-03T07:00:00+10:00,curtailment_solar_utility_energy,MWh,curtailment_solar_utility_energy_SA1,0.0741
2025-12-03T08:00:00+10:00,curtailment_solar_utility_energy,MWh,curtailment_solar_utility_energy_SA1,0.3319
2025-12-03T09:00:00+10:00,curtailment_solar_utility_energy,MWh,curtailment_solar_utility_energy_SA1,0.4718
2025-12-03T10:00:00+10:00,curtailment_solar_utility_energy,MWh,curtailment_solar_utility_energy_SA1,0.4897
2025-12-03T11:00:00+10:00,curtailment_solar_utility_energy,MWh,curtailment_solar_utility_energy_SA1,0.5175
2025-12-03T12:00:00+10:00,curtailment_solar_utility_energy,MWh,curtailment_solar_utility_energy_SA1,0.5359
2025-12-03T13:00:00+10:00,curtailment_solar_utility_energy,MWh,curtailment_solar_utility_energy_SA1,0.5335
2025-12-03T14:00:00+10:00,curtailment_solar_utility_energy,MWh,curtailment_solar_utility_energy_SA1,0.4181
2025-12-02T15:00:00+10:00,curtailment_solar_utility_energy,MWh,curtailment_solar_utility_energy_TAS1,0.0
2025-12-02T16:00:00+10:00,curtailment_solar_utility_energy,MWh,curtailment_solar_utility_energy_TAS1,0.0
2025-12-02T17:00:00+10:00,curtailment_solar_utility_energy,MWh,curtailment_solar_utility_energy_TAS1,0.0
2025-12-02T18:00:00+10:00,curtailment_solar_utility_energy,MWh,curtailment_solar_utility_energy_TAS1,0.0
2025-12-02T19:00:00+10:00,curtailment_solar_utility_energy,MWh,curtailment_solar_utility_energy_TAS1,0.0
2025-12-02T20:00:00+10:00,curtailment_solar_utility_energy,MWh,curtailment_solar_utility_energy_TAS1,0.0
2025-12-02T21:00:00+10:00,curtailment_solar_utility_energy,MWh,curtailment_solar_utility_energy_TAS1,0.0
2025-12-02T22:00:00+10:00,curtailment_solar_utility_energy,MWh,curtailment_solar_utility_energy_TAS1,0.0
2025-12-02T23:00:00+10:00,curtailment_solar_utility_energy,MWh,curtailment_solar_utility_energy_TAS1,0.0
2025-12-03T00:00:00+10:00,curtailment_solar_utility_energy,MWh,curtailment_solar_utility_energy_TAS1,0.0
2025-12-03T01:00:00+10:00,curtailment_solar_utility_energy,MWh,curtailment_solar_utility_energy_TAS1,0.0
2025-12-03T02:00:00+10:00,curtailment_solar_utility_energy,MWh,curtailment_solar_utility_energy_TAS1,0.0
2025-12-03T03:00:00+10:00,curtailment_solar_utility_energy,MWh,curtailment_solar_utility_energy_TAS1,0.0
2025-12-03T04:00:00+10:00,curtailment_solar_utility_energy,MWh,curtailment_solar_utility_energy_TAS1,0.0
2025-12-03T05:00:00+10:00,curtailment_solar_utility_energy,MWh,curtailment_solar_utility_energy_TAS1,0.0
2025-12-03T06:00:00+10:00,curtailment_solar_utility_energy,MWh,curtailment_solar_utility_energy_TAS1,0.0
2025-12-03T07:00:00+10:00,curtailment_solar_utility_energy,MWh,curtailment_solar_utility_energy_TAS1,0.0
2025-12-03T08:00:00+10:00,curtailment_solar_utility_energy,MWh,curtailment_solar_utility_energy_TAS1,0.0
2025-12-03T09:00:00+10:00,curtailment_solar_utility_energy,MWh,curtailment_solar_utility_energy_TAS1,0.0
2025-12-03T10:00:00+10:00,curtailment_solar_utility_energy,MWh,curtailment_solar_utility_energy_TAS1,0.0
2025-12-03T11:00:00+10:00,curtailment_solar_utility_energy,MWh,curtailment_solar_utility_energy_TAS1,0.0
2025-12-03T12:00:00+10:00,curtailment_solar_utility_energy,MWh,curtailment_solar_utility_energy_TAS1,0.0
2025-12-03T13:00:00+10:00,curtailment_solar_utility_energy,MWh,curtailment_solar_utility_energy_TAS1,0.0
2025-12-03T14:00:00+10:00,curtailment_solar_utility_energy,MWh,curtailment_solar_utility_energy_TAS1,0.0
2025-12-02T15:00:00+10:00,curtailment_solar_utility_energy,MWh,curtailment_solar_utility_energy_VIC1,0.372
2025-12-02T16:00:00+10:00,curtailment_solar_utility_energy,MWh,curtailment_solar_utility_energy_VIC1,0.174
2025-12-02T17:00:00+10:00,curtailment_solar_utility_energy,MWh,curtailment_solar_utility_energy_VIC1,0.0507
2025-12-02T18:00:00+10:00,curtailment_solar_utility_energy,MWh,curtailment_solar_utility_energy_VIC1,0.0007
2025-12-02T19:00:00+10:00,curtailment_solar_utility_energy,MWh,curtailment_solar_utility_energy_VIC1,0.0
2025-12-02T20:00:00+10:00,curtailment_solar_utility_energy,MWh,curtailment_solar_utility_energy_VIC1,0.0
2025-12-02T21:00:00+10:00,curtailment_solar_utility_energy,MWh,curtailment_solar_utility_energy_VIC1,0.0
2025-12-02T22:00:00+10:00,curtailment_solar_utility_energy,MWh,curtailment_solar_utility_energy_VIC1,0.0
2025-12-02T23:00:00+10:00,curtailment_solar_utility_energy,MWh,curtailment_solar_utility_energy_VIC1,0.0
2025-12-03T00:00:00+10:00,curtailment_solar_utility_energy,MWh,curtailment_solar_utility_energy_VIC1,0.0
2025-12-03T01:00:00+10:00,curtailment_solar_utility_energy,MWh,curtailment_solar_utility_energy_VIC1,0.0
2025-12-03T02:00:00+10:00,curtailment_solar_utility_energy,MWh,curtailment_solar_utility_energy_VIC1,0.0
2025-12-03T03:00:00+10:00,curtailment_solar_utility_energy,MWh,curtailment_solar_utility_energy_VIC1,0.0
2025-12-03T04:00:00+10:00,curtailment_solar_utility_energy,MWh,curtailment_solar_utility_energy_VIC1,0.0
2025-12-03T05:00:00+10:00,curtailment_solar_utility_energy,MWh,curtailment_solar_utility_energy_VIC1,0.0
2025-12-03T06:00:00+10:00,curtailment_solar_utility_energy,MWh,curtailment_solar_utility_energy_VIC1,0.0535
2025-12-03T07:00:00+10:00,curtailment_solar_utility_energy,MWh,curtailment_solar_utility_energy_VIC1,0.1972
2025-12-03T08:00:00+10:00,curtailment_solar_utility_energy,MWh,curtailment_solar_utility_energy_VIC1,0.397
2025-12-03T09:00:00+10:00,curtailment_solar_utility_energy,MWh,curtailment_solar_utility_energy_VIC1,0.399
2025-12-03T10:00:00+10:00,curtailment_solar_utility_energy,MWh,curtailment_solar_utility_energy_VIC1,0.4018
2025-12-03T11:00:00+10:00,curtailment_solar_utility_energy,MWh,curtailment_solar_utility_energy_VIC1,0.4087
2025-12-03T12:00:00+10:00,curtailment_solar_utility_energy,MWh,curtailment_solar_utility_energy_VIC1,0.4087
2025-12-03T13:00:00+10:00,curtailment_solar_utility_energy,MWh,curtailment_solar_utility_energy_VIC1,0.451
2025-12-03T14:00:00+10:00,curtailment_solar_utility_energy,MWh,curtailment_solar_utility_energy_VIC1,0.4612
2025-12-02T15:00:00+10:00,curtailment_wind_energy,MWh,curtailment_wind_energy_NSW1,0.3224
2025-12-02T16:00:00+10:00,curtailment_wind_energy,MWh,curtailment_wind_energy_NSW1,0.2235
2025-12-02T17:00:00+10:00,curtailment_wind_energy,MWh,curtailment_wind_energy_NSW1,0.1421
2025-12-02T18:00:00+10:00,curtailment_wind_energy,MWh,curtailment_wind_energy_NSW1,0.0087
2025-12-02T19:00:00+10:00,curtailment_wind_energy,MWh,curtailment_wind_energy_NSW1,0.0
2025-12-02T20:00:00+10:00,curtailment_wind_energy,MWh,curtailment_wind_energy_NSW1,0.0
2025-12-02T21:00:00+10:00,curtailment_wind_energy,MWh,curtailment_wind_energy_NSW1,0.0
2025-12-02T22:00:00+10:00,curtailment_wind_energy,MWh,curtailment_wind_energy_NSW1,0.0
2025-12-02T23:00:00+10:00,curtailment_wind_energy,MWh,curtailment_wind_energy_NSW1,0.0
2025-12-03T00:00:00+10:00,curtailment_wind_energy,MWh,curtailment_wind_energy_NSW1,0.0
2025-12-03T01:00:00+10:00,curtailment_wind_energy,MWh,curtailment_wind_energy_NSW1,0.0
2025-12-03T02:00:00+10:00,curtailment_wind_energy,MWh,curtailment_wind_energy_NSW1,0.0
2025-12-03T03:00:00+10:00,curtailment_wind_energy,MWh,curtailment_wind_energy_NSW1,0.0
2025-12-03T04:00:00+10:00,curtailment_wind_energy,MWh,curtailment_wind_energy_NSW1,0.0
2025-12-03T05:00:00+10:00,curtailment_wind_energy,MWh,curtailment_wind_energy_NSW1,0.0
2025-12-03T06:00:00+10:00,curtailment_wind_energy,MWh,curtailment_wind_energy_NSW1,0.0128
2025-12-03T07:00:00+10:00,curtailment_wind_energy,MWh,curtailment_wind_energy_NSW1,0.0263
2025-12-03T08:00:00+10:00,curtailment_wind_energy,MWh,curtailment_wind_energy_NSW1,0.0081
2025-12-03T09:00:00+10:00,curtailment_wind_energy,MWh,curtailment_wind_energy_NSW1,0.0516
2025-12-03T10:00:00+10:00,curtailment_wind_energy,MWh,curtailment_wind_energy_NSW1,0.0931
2025-12-03T11:00:00+10:00,curtailment_wind_energy,MWh,curtailment_wind_energy_NSW1,0.0857
2025-12-03T12:00:00+10:00,curtailment_wind_energy,MWh,curtailment_wind_energy_NSW1,0.1053
2025-12-03T13:00:00+10:00,curtailment_wind_energy,MWh,curtailment_wind_energy_NSW1,0.1623
2025-12-03T14:00:00+10:00,curtailment_wind_energy,MWh,curtailment_wind_energy_NSW1,0.1356
2025-12-02T15:00:00+10:00,curtailment_wind_energy,MWh,curtailment_wind_energy_QLD1,0.3229
2025-12-02T16:00:00+10:00,curtailment_wind_energy,MWh,curtailment_wind_energy_QLD1,0.3022
2025-12-02T17:00:00+10:00,curtailment_wind_energy,MWh,curtailment_wind_energy_QLD1,0.0541
2025-12-02T18:00:00+10:00,curtailment_wind_energy,MWh,curtailment_wind_energy_QLD1,0.0
2025-12-02T19:00:00+10:00,curtailment_wind_energy,MWh,curtailment_wind_energy_QLD1,0.0
2025-12-02T20:00:00+10:00,curtailment_wind_energy,MWh,curtailment_wind_energy_QLD1,0.0
2025-12-02T21:00:00+10:00,curtailment_wind_energy,MWh,curtailment_wind_energy_QLD1,0.0
2025-12-02T22:00:00+10:00,curtailment_wind_energy,MWh,curtailment_wind_energy_QLD1,0.0
2025-12-02T23:00:00+10:00,curtailment_wind_energy,MWh,curtailment_wind_energy_QLD1,0.0
2025-12-03T00:00:00+10:00,curtailment_wind_energy,MWh,curtailment_wind_energy_QLD1,0.0001
2025-12-03T01:00:00+10:00,curtailment_wind_energy,MWh,curtailment_wind_energy_QLD1,0.0024
2025-12-03T02:00:00+10:00,curtailment_wind_energy,MWh,curtailment_wind_energy_QLD1,0.0024
2025-12-03T03:00:00+10:00,curtailment_wind_energy,MWh,curtailment_wind_energy_QLD1,0.0024
2025-12-03T04:00:00+10:00,curtailment_wind_energy,MWh,curtailment_wind_energy_QLD1,0.0012
2025-12-03T05:00:00+10:00,curtailment_wind_energy,MWh,curtailment_wind_energy_QLD1,0.0
2025-12-03T06:00:00+10:00,curtailment_wind_energy,MWh,curtailment_wind_energy_QLD1,0.0108
2025-12-03T07:00:00+10:00,curtailment_wind_energy,MWh,curtailment_wind_energy_QLD1,0.3043
2025-12-03T08:00:00+10:00,curtailment_wind_energy,MWh,curtailment_wind_energy_QLD1,0.3379
2025-12-03T09:00:00+10:00,curtailment_wind_energy,MWh,curtailment_wind_energy_QLD1,0.2145
2025-12-03T10:00:00+10:00,curtailment_wind_energy,MWh,curtailment_wind_energy_QLD1,0.0983
2025-12-03T11:00:00+10:00,curtailment_wind_energy,MWh,curtailment_wind_energy_QLD1,0.0865
2025-12-03T12:00:00+10:00,curtailment_wind_energy,MWh,curtailment_wind_energy_QLD1,0.0925
2025-12-03T13:00:00+10:00,curtailment_wind_energy,MWh,curtailment_wind_energy_QLD1,0.129
2025-12-03T14:00:00+10:00,curtailment_wind_energy,MWh,curtailment_wind_energy_QLD1,0.0763
2025-12-02T15:00:00+10:00,curtailment_wind_energy,MWh,curtailment_wind_energy_SA1,0.0696
2025-12-02T16:00:00+10:00,curtailment_wind_energy,MWh,curtailment_wind_energy_SA1,0.0588
2025-12-02T17:00:00+10:00,curtailment_wind_energy,MWh,curtailment_wind_energy_SA1,0.0148
2025-12-02T18:00:00+10:00,curtailment_wind_energy,MWh,curtailment_wind_energy_SA1,0.0
2025-12-02T19:00:00+10:00,curtailment_wind_energy,MWh,curtailment_wind_energy_SA1,0.0
2025-12-02T20:00:00+10:00,curtailment_wind_energy,MWh,curtailment_wind_energy_SA1,0.0
2025-12-02T21:00:00+10:00,curtailment_wind_energy,MWh,curtailment_wind_energy_SA1,0.0
2025-12-02T22:00:00+10:00,curtailment_wind_energy,MWh,curtailment_wind_energy_SA1,0.0
2025-12-02T23:00:00+10:00,curtailment_wind_energy,MWh,curtailment_wind_energy_SA1,0.0
2025-12-03T00:00:00+10:00,curtailment_wind_energy,MWh,curtailment_wind_energy_SA1,0.0
2025-12-03T01:00:00+10:00,curtailment_wind_energy,MWh,curtailment_wind_energy_SA1,0.0
2025-12-03T02:00:00+10:00,curtailment_wind_energy,MWh,curtailment_wind_energy_SA1,0.0006
2025-12-03T03:00:00+10:00,curtailment_wind_energy,MWh,curtailment_wind_energy_SA1,0.0019
2025-12-03T04:00:00+10:00,curtailment_wind_energy,MWh,curtailment_wind_energy_SA1,0.003
2025-12-03T05:00:00+10:00,curtailment_wind_energy,MWh,curtailment_wind_energy_SA1,0.0046
2025-12-03T06:00:00+10:00,curtailment_wind_energy,MWh,curtailment_wind_energy_SA1,0.0355
2025-12-03T07:00:00+10:00,curtailment_wind_energy,MWh,curtailment_wind_energy_SA1,0.0936
2025-12-03T08:00:00+10:00,curtailment_wind_energy,MWh,curtailment_wind_energy_SA1,0.3061
2025-12-03T09:00:00+10:00,curtailment_wind_energy,MWh,curtailment_wind_energy_SA1,0.5405
2025-12-03T10:00:00+10:00,curtailment_wind_energy,MWh,curtailment_wind_energy_SA1,0.6916
2025-12-03T11:00:00+10:00,curtailment_wind_energy,MWh,curtailment_wind_energy_SA1,0.7046
2025-12-03T12:00:00+10:00,curtailment_wind_energy,MWh,curtailment_wind_energy_SA1,0.6779
2025-12-03T13:00:00+10:00,curtailment_wind_energy,MWh,curtailment_wind_energy_SA1,0.6069
2025-12-03T14:00:00+10:00,curtailment_wind_energy,MWh,curtailment_wind_energy_SA1,0.5832
2025-12-02T15:00:00+10:00,curtailment_wind_energy,MWh,curtailment_wind_energy_TAS1,0.0
2025-12-02T16:00:00+10:00,curtailment_wind_energy,MWh,curtailment_wind_energy_TAS1,0.0006
2025-12-02T17:00:00+10:00,curtailment_wind_energy,MWh,curtailment_wind_energy_TAS1,0.0
2025-12-02T18:00:00+10:00,curtailment_wind_energy,MWh,curtailment_wind_energy_TAS1,0.0
2025-12-02T19:00:00+10:00,curtailment_wind_energy,MWh,curtailment_wind_energy_TAS1,0.0
2025-12-02T20:00:00+10:00,curtailment_wind_energy,MWh,curtailment_wind_energy_TAS1,0.0
2025-12-02T21:00:00+10:00,curtailment_wind_energy,MWh,curtailment_wind_energy_TAS1,0.0
2025-12-02T22:00:00+10:00,curtailment_wind_energy,MWh,curtailment_wind_energy_TAS1,0.0
2025-12-02T23:00:00+10:00,curtailment_wind_energy,MWh,curtailment_wind_energy_TAS1,0.0
2025-12-03T00:00:00+10:00,curtailment_wind_energy,MWh,curtailment_wind_energy_TAS1,0.0
2025-12-03T01:00:00+10:00,curtailment_wind_energy,MWh,curtailment_wind_energy_TAS1,0.0
2025-12-03T02:00:00+10:00,curtailment_wind_energy,MWh,curtailment_wind_energy_TAS1,0.0
2025-12-03T03:00:00+10:00,curtailment_wind_energy,MWh,curtailment_wind_energy_TAS1,0.0
2025-12-03T04:00:00+10:00,curtailment_wind_energy,MWh,curtailment_wind_energy_TAS1,0.0
2025-12-03T05:00:00+10:00,curtailment_wind_energy,MWh,curtailment_wind_energy_TAS1,0.0
2025-12-03T06:00:00+10:00,curtailment_wind_energy,MWh,curtailment_wind_energy_TAS1,0.0
2025-12-03T07:00:00+10:00,curtailment_wind_energy,MWh,curtailment_wind_energy_TAS1,0.0
2025-12-03T08:00:00+10:00,curtailment_wind_energy,MWh,curtailment_wind_energy_TAS1,0.0
2025-12-03T09:00:00+10:00,curtailment_wind_energy,MWh,curtailment_wind_energy_TAS1,0.0
2025-12-03T10:00:00+10:00,curtailment_wind_energy,MWh,curtailment_wind_energy_TAS1,0.0
2025-12-03T11:00:00+10:00,curtailment_wind_energy,MWh,curtailment_wind_energy_TAS1,0.0
2025-12-03T12:00:00+10:00,curtailment_wind_energy,MWh,curtailment_wind_energy_TAS1,0.0
2025-12-03T13:00:00+10:00,curtailment_wind_energy,MWh,curtailment_wind_energy_TAS1,0.0002
2025-12-03T14:00:00+10:00,curtailment_wind_energy,MWh,curtailment_wind_energy_TAS1,0.0
2025-12-02T15:00:00+10:00,curtailment_wind_energy,MWh,curtailment_wind_energy_VIC1,0.3541
2025-12-02T16:00:00+10:00,curtailment_wind_energy,MWh,curtailment_wind_energy_VIC1,0.3095
2025-12-02T17:00:00+10:00,curtailment_wind_energy,MWh,curtailment_wind_energy_VIC1,0.0865
2025-12-02T18:00:00+10:00,curtailment_wind_energy,MWh,curtailment_wind_energy_VIC1,0.0
2025-12-02T19:00:00+10:00,curtailment_wind_energy,MWh,curtailment_wind_energy_VIC1,0.0
2025-12-02T20:00:00+10:00,curtailment_wind_energy,MWh,curtailment_wind_energy_VIC1,0.0
2025-12-02T21:00:00+10:00,curtailment_wind_energy,MWh,curtailment_wind_energy_VIC1,0.0
2025-12-02T22:00:00+10:00,curtailment_wind_energy,MWh,curtailment_wind_energy_VIC1,0.0
2025-12-02T23:00:00+10:00,curtailment_wind_energy,MWh,curtailment_wind_energy_VIC1,0.0
2025-12-03T00:00:00+10:00,curtailment_wind_energy,MWh,curtailment_wind_energy_VIC1,0.0
2025-12-03T01:00:00+10:00,curtailment_wind_energy,MWh,curtailment_wind_energy_VIC1,0.0
2025-12-03T02:00:00+10:00,curtailment_wind_energy,MWh,curtailment_wind_energy_VIC1,0.0
2025-12-03T03:00:00+10:00,curtailment_wind_energy,MWh,curtailment_wind_energy_VIC1,0.0
2025-12-03T04:00:00+10:00,curtailment_wind_energy,MWh,curtailment_wind_energy_VIC1,0.0
2025-12-03T05:00:00+10:00,curtailment_wind_energy,MWh,curtailment_wind_energy_VIC1,0.0
2025-12-03T06:00:00+10:00,curtailment_wind_energy,MWh,curtailment_wind_energy_VIC1,0.6575
2025-12-03T07:00:00+10:00,curtailment_wind_energy,MWh,curtailment_wind_energy_VIC1,0.7765
2025-12-03T08:00:00+10:00,curtailment_wind_energy,MWh,curtailment_wind_energy_VIC1,1.0923
2025-12-03T09:00:00+10:00,curtailment_wind_energy,MWh,curtailment_wind_energy_VIC1,1.9066
2025-12-03T10:00:00+10:00,curtailment_wind_energy,MWh,curtailment_wind_energy_VIC1,2.0597
2025-12-03T11:00:00+10:00,curtailment_wind_energy,MWh,curtailment_wind_energy_VIC1,2.0356
2025-12-03T12:00:00+10:00,curtailment_wind_energy,MWh,curtailment_wind_energy_VIC1,2.0289
2025-12-03T13:00:00+10:00,curtailment_wind_energy,MWh,curtailment_wind_energy_VIC1,2.1977
2025-12-03T14:00:00+10:00,curtailment_wind_energy,MWh,curtailment_wind_energy_VIC1,2.1738
2025-12-02T15:00:00+10:00,curtailment_energy,MWh,curtailment_energy_NSW1,2.3914
2025-12-02T16:00:00+10:00,curtailment_energy,MWh,curtailment_energy_NSW1,1.7287
2025-12-02T17:00:00+10:00,curtailment_energy,MWh,curtailment_energy_NSW1,0.6715
2025-12-02T18:00:00+10:00,curtailment_energy,MWh,curtailment_energy_NSW1,0.0101
2025-12-02T19:00:00+10:00,curtailment_energy,MWh,curtailment_energy_NSW1,0.0
2025-12-02T20:00:00+10:00,curtailment_energy,MWh,curtailment_energy_NSW1,0.0
2025-12-02T21:00:00+10:00,curtailment_energy,MWh,curtailment_energy_NSW1,0.0
2025-12-02T22:00:00+10:00,curtailment_energy,MWh,curtailment_energy_NSW1,0.0
2025-12-02T23:00:00+10:00,curtailment_energy,MWh,curtailment_energy_NSW1,0.0
2025-12-03T00:00:00+10:00,curtailment_energy,MWh,curtailment_energy_NSW1,0.0
2025-12-03T01:00:00+10:00,curtailment_energy,MWh,curtailment_energy_NSW1,0.0
2025-12-03T02:00:00+10:00,curtailment_energy,MWh,curtailment_energy_NSW1,0.0
2025-12-03T03:00:00+10:00,curtailment_energy,MWh,curtailment_energy_NSW1,0.0
2025-12-03T04:00:00+10:00,curtailment_energy,MWh,curtailment_energy_NSW1,0.0
2025-12-03T05:00:00+10:00,curtailment_energy,MWh,curtailment_energy_NSW1,0.0002
2025-12-03T06:00:00+10:00,curtailment_energy,MWh,curtailment_energy_NSW1,0.3042
2025-12-03T07:00:00+10:00,curtailment_energy,MWh,curtailment_energy_NSW1,0.9932
2025-12-03T08:00:00+10:00,curtailment_energy,MWh,curtailment_energy_NSW1,1.6068
2025-12-03T09:00:00+10:00,curtailment_energy,MWh,curtailment_energy_NSW1,2.4779
2025-12-03T10:00:00+10:00,curtailment_energy,MWh,curtailment_energy_NSW1,2.7266
2025-12-03T11:00:00+10:00,curtailment_energy,MWh,curtailment_energy_NSW1,2.6434
2025-12-03T12:00:00+10:00,curtailment_energy,MWh,curtailment_energy_NSW1,2.6262
2025-12-03T13:00:00+10:00,curtailment_energy,MWh,curtailment_energy_NSW1,3.4413
2025-12-03T14:00:00+10:00,curtailment_energy,MWh,curtailment_energy_NSW1,2.8399
2025-12-02T15:00:00+10:00,curtailment_energy,MWh,curtailment_energy_QLD1,1.515
2025-12-02T16:00:00+10:00,curtailment_energy,MWh,curtailment_energy_QLD1,1.2156
2025-12-02T17:00:00+10:00,curtailment_energy,MWh,curtailment_energy_QLD1,0.2309
2025-12-02T18:00:00+10:00,curtailment_energy,MWh,curtailment_energy_QLD1,0.0016
2025-12-02T19:00:00+10:00,curtailment_energy,MWh,curtailment_energy_QLD1,0.0
2025-12-02T20:00:00+10:00,curtailment_energy,MWh,curtailment_energy_QLD1,0.0
2025-12-02T21:00:00+10:00,curtailment_energy,MWh,curtailment_energy_QLD1,0.0
2025-12-02T22:00:00+10:00,curtailment_energy,MWh,curtailment_energy_QLD1,0.0
2025-12-02T23:00:00+10:00,curtailment_energy,MWh,curtailment_energy_QLD1,0.0
2025-12-03T00:00:00+10:00,curtailment_energy,MWh,curtailment_energy_QLD1,0.0001
2025-12-03T01:00:00+10:00,curtailment_energy,MWh,curtailment_energy_QLD1,0.0024
2025-12-03T02:00:00+10:00,curtailment_energy,MWh,curtailment_energy_QLD1,0.0024
2025-12-03T03:00:00+10:00,curtailment_energy,MWh,curtailment_energy_QLD1,0.0024
2025-12-03T04:00:00+10:00,curtailment_energy,MWh,curtailment_energy_QLD1,0.0012
2025-12-03T05:00:00+10:00,curtailment_energy,MWh,curtailment_energy_QLD1,0.0
2025-12-03T06:00:00+10:00,curtailment_energy,MWh,curtailment_energy_QLD1,0.068
2025-12-03T07:00:00+10:00,curtailment_energy,MWh,curtailment_energy_QLD1,0.7623
2025-12-03T08:00:00+10:00,curtailment_energy,MWh,curtailment_energy_QLD1,1.627
2025-12-03T09:00:00+10:00,curtailment_energy,MWh,curtailment_energy_QLD1,1.7499
2025-12-03T10:00:00+10:00,curtailment_energy,MWh,curtailment_energy_QLD1,1.9457
2025-12-03T11:00:00+10:00,curtailment_energy,MWh,curtailment_energy_QLD1,1.9371
2025-12-03T12:00:00+10:00,curtailment_energy,MWh,curtailment_energy_QLD1,1.6937
2025-12-03T13:00:00+10:00,curtailment_energy,MWh,curtailment_energy_QLD1,1.2876
2025-12-03T14:00:00+10:00,curtailment_energy,MWh,curtailment_energy_QLD1,1.3427
2025-12-02T15:00:00+10:00,curtailment_energy,MWh,curtailment_energy_SA1,0.3535
2025-12-02T16:00:00+10:00,curtailment_energy,MWh,curtailment_energy_SA1,0.175
2025-12-02T17:00:00+10:00,curtailment_energy,MWh,curtailment_energy_SA1,0.0793
2025-12-02T18:00:00+10:00,curtailment_energy,MWh,curtailment_energy_SA1,0.0
2025-12-02T19:00:00+10:00,curtailment_energy,MWh,curtailment_energy_SA1,0.0
2025-12-02T20:00:00+10:00,curtailment_energy,MWh,curtailment_energy_SA1,0.0
2025-12-02T21:00:00+10:00,curtailment_energy,MWh,curtailment_energy_SA1,0.0
2025-12-02T22:00:00+10:00,curtailment_energy,MWh,curtailment_energy_SA1,0.0
2025-12-02T23:00:00+10:00,curtailment_energy,MWh,curtailment_energy_SA1,0.0
2025-12-03T00:00:00+10:00,curtailment_energy,MWh,curtailment_energy_SA1,0.0
2025-12-03T01:00:00+10:00,curtailment_energy,MWh,curtailment_energy_SA1,0.0
2025-12-03T02:00:00+10:00,curtailment_energy,MWh,curtailment_energy_SA1,0.0006
2025-12-03T03:00:00+10:00,curtailment_energy,MWh,curtailment_energy_SA1,0.0019
2025-12-03T04:00:00+10:00,curtailment_energy,MWh,curtailment_energy_SA1,0.003
2025-12-03T05:00:00+10:00,curtailment_energy,MWh,curtailment_energy_SA1,0.0046
2025-12-03T06:00:00+10:00,curtailment_energy,MWh,curtailment_energy_SA1,0.0528
2025-12-03T07:00:00+10:00,curtailment_energy,MWh,curtailment_energy_SA1,0.1677
2025-12-03T08:00:00+10:00,curtailment_energy,MWh,curtailment_energy_SA1,0.638
2025-12-03T09:00:00+10:00,curtailment_energy,MWh,curtailment_energy_SA1,1.0123
2025-12-03T10:00:00+10:00,curtailment_energy,MWh,curtailment_energy_SA1,1.1813
2025-12-03T11:00:00+10:00,curtailment_energy,MWh,curtailment_energy_SA1,1.2221
2025-12-03T12:00:00+10:00,curtailment_energy,MWh,curtailment_energy_SA1,1.2138
2025-12-03T13:00:00+10:00,curtailment_energy,MWh,curtailment_energy_SA1,1.1404
2025-12-03T14:00:00+10:00,curtailment_energy,MWh,curtailment_energy_SA1,1.0013
2025-12-02T15:00:00+10:00,curtailment_energy,MWh,curtailment_energy_TAS1,0.0
2025-12-02T16:00:00+10:00,curtailment_energy,MWh,curtailment_energy_TAS1,0.0006
2025-12-02T17:00:00+10:00,curtailment_energy,MWh,curtailment_energy_TAS1,0.0
2025-12-02T18:00:00+10:00,curtailment_energy,MWh,curtailment_energy_TAS1,0.0
2025-12-02T19:00:00+10:00,curtailment_energy,MWh,curtailment_energy_TAS1,0.0
2025-12-02T20:00:00+10:00,curtailment_energy,MWh,curtailment_energy_TAS1,0.0
2025-12-02T21:00:00+10:00,curtailment_energy,MWh,curtailment_energy_TAS1,0.0
2025-12-02T22:00:00+10:00,curtailment_energy,MWh,curtailment_energy_TAS1,0.0
2025-12-02T23:00:00+10:00,curtailment_energy,MWh,curtailment_energy_TAS1,0.0
2025-12-03T00:00:00+10:00,curtailment_energy,MWh,curtailment_energy_TAS1,0.0
2025-12-03T01:00:00+10:00,curtailment_energy,MWh,curtailment_energy_TAS1,0.0
2025-12-03T02:00:00+10:00,curtailment_energy,MWh,curtailment_energy_TAS1,0.0
2025-12-03T03:00:00+10:00,curtailment_energy,MWh,curtailment_energy_TAS1,0.0
2025-12-03T04:00:00+10:00,curtailment_energy,MWh,curtailment_energy_TAS1,0.0
2025-12-03T05:00:00+10:00,curtailment_energy,MWh,curtailment_energy_TAS1,0.0
2025-12-03T06:00:00+10:00,curtailment_energy,MWh,curtailment_energy_TAS1,0.0
2025-12-03T07:00:00+10:00,curtailment_energy,MWh,curtailment_energy_TAS1,0.0
2025-12-03T08:00:00+10:00,curtailment_energy,MWh,curtailment_energy_TAS1,0.0
2025-12-03T09:00:00+10:00,curtailment_energy,MWh,curtailment_energy_TAS1,0.0
2025-12-03T10:00:00+10:00,curtailment_energy,MWh,curtailment_energy_TAS1,0.0
2025-12-03T11:00:00+10:00,curtailment_energy,MWh,curtailment_energy_TAS1,0.0
2025-12-03T12:00:00+10:00,curtailment_energy,MWh,curtailment_energy_TAS1,0.0
2025-12-03T13:00:00+10:00,curtailment_energy,MWh,curtailment_energy_TAS1,0.0002
2025-12-03T14:00:00+10:00,curtailment_energy,MWh,curtailment_energy_TAS1,0.0
2025-12-02T15:00:00+10:00,curtailment_energy,MWh,curtailment_energy_VIC1,0.7261
2025-12-02T16:00:00+10:00,curtailment_energy,MWh,curtailment_energy_VIC1,0.4835
2025-12-02T17:00:00+10:00,curtailment_energy,MWh,curtailment_energy_VIC1,0.1372
2025-12-02T18:00:00+10:00,curtailment_energy,MWh,curtailment_energy_VIC1,0.0007
2025-12-02T19:00:00+10:00,curtailment_energy,MWh,curtailment_energy_VIC1,0.0
2025-12-02T20:00:00+10:00,curtailment_energy,MWh,curtailment_energy_VIC1,0.0
2025-12-02T21:00:00+10:00,curtailment_energy,MWh,curtailment_energy_VIC1,0.0
2025-12-02T22:00:00+10:00,curtailment_energy,MWh,curtailment_energy_VIC1,0.0
2025-12-02T23:00:00+10:00,curtailment_energy,MWh,curtailment_energy_VIC1,0.0
2025-12-03T00:00:00+10:00,curtailment_energy,MWh,curtailment_energy_VIC1,0.0
2025-12-03T01:00:00+10:00,curtailment_energy,MWh,curtailment_energy_VIC1,0.0
2025-12-03T02:00:00+10:00,curtailment_energy,MWh,curtailment_energy_VIC1,0.0
2025-12-03T03:00:00+10:00,curtailment_energy,MWh,curtailment_energy_VIC1,0.0
2025-12-03T04:00:00+10:00,curtailment_energy,MWh,curtailment_energy_VIC1,0.0
2025-12-03T05:00:00+10:00,curtailment_energy,MWh,curtailment_energy_VIC1,0.0
2025-12-03T06:00:00+10:00,curtailment_energy,MWh,curtailment_energy_VIC1,0.711
2025-12-03T07:00:00+10:00,curtailment_energy,MWh,curtailment_energy_VIC1,0.9737
2025-12-03T08:00:00+10:00,curtailment_energy,MWh,curtailment_energy_VIC1,1.4893
2025-12-03T09:00:00+10:00,curtailment_energy,MWh,curtailment_energy_VIC1,2.3056
2025-12-03T10:00:00+10:00,curtailment_energy,MWh,curtailment_energy_VIC1,2.4615
2025-12-03T11:00:00+10:00,curtailment_energy,MWh,curtailment_energy_VIC1,2.4443
2025-12-03T12:00:00+10:00,curtailment_energy,MWh,curtailment_energy_VIC1,2.4376
2025-12-03T13:00:00+10:00,curtailment_energy,MWh,curtailment_energy_VIC1,2.6487
2025-12-03T14:00:00+10:00,curtailment_energy,MWh,curtailment_energy_VIC1,2.635
2025-12-02T15:00:00+10:00,curtailment_wind,MW,curtailment_wind_NSW1,3806.4368
2025-12-02T16:00:00+10:00,curtailment_wind,MW,curtailment_wind_NSW1,2649.3793
2025-12-02T17:00:00+10:00,curtailment_wind,MW,curtailment_wind_NSW1,1631.1266
2025-12-02T18:00:00+10:00,curtailment_wind,MW,curtailment_wind_NSW1,76.5194
2025-12-02T19:00:00+10:00,curtailment_wind,MW,curtailment_wind_NSW1,0.0
2025-12-02T20:00:00+10:00,curtailment_wind,MW,curtailment_wind_NSW1,0.0
2025-12-02T21:00:00+10:00,curtailment_wind,MW,curtailment_wind_NSW1,0.0
2025-12-02T22:00:00+10:00,curtailment_wind,MW,curtailment_wind_NSW1,0.0
2025-12-02T23:00:00+10:00,curtailment_wind,MW,curtailment_wind_NSW1,0.0
2025-12-03T00:00:00+10:00,curtailment_wind,MW,curtailment_wind_NSW1,0.0
2025-12-03T01:00:00+10:00,curtailment_wind,MW,curtailment_wind_NSW1,0.0
2025-12-03T02:00:00+10:00,curtailment_wind,MW,curtailment_wind_NSW1,0.0
2025-12-03T03:00:00+10:00,curtailment_wind,MW,curtailment_wind_NSW1,0.0
2025-12-03T04:00:00+10:00,curtailment_wind,MW,curtailment_wind_NSW1,0.0
2025-12-03T05:00:00+10:00,curtailment_wind,MW,curtailment_wind_NSW1,0.0
2025-12-03T06:00:00+10:00,curtailment_wind,MW,curtailment_wind_NSW1,163.455
2025-12-03T07:00:00+10:00,curtailment_wind,MW,curtailment_wind_NSW1,311.2548
2025-12-03T08:00:00+10:00,curtailment_wind,MW,curtailment_wind_NSW1,99.2125
2025-12-03T09:00:00+10:00,curtailment_wind,MW,curtailment_wind_NSW1,658.3253
2025-12-03T10:00:00+10:00,curtailment_wind,MW,curtailment_wind_NSW1,1111.4211
2025-12-03T11:00:00+10:00,curtailment_wind,MW,curtailment_wind_NSW1,1031.6274
2025-12-03T12:00:00+10:00,curtailment_wind,MW,curtailment_wind_NSW1,1280.5625
2025-12-03T13:00:00+10:00,curtailment_wind,MW,curtailment_wind_NSW1,1971.3791
2025-12-03T14:00:00+10:00,curtailment_wind,MW,curtailment_wind_NSW1,1607.0912
2025-12-02T15:00:00+10:00,curtailment_wind,MW,curtailment_wind_QLD1,3885.0438
2025-12-02T16:00:00+10:00,curtailment_wind,MW,curtailment_wind_QLD1,3576.0283
2025-12-02T17:00:00+10:00,curtailment_wind,MW,curtailment_wind_QLD1,530.2044
2025-12-02T18:00:00+10:00,curtailment_wind,MW,curtailment_wind_QLD1,0.0
2025-12-02T19:00:00+10:00,curtailment_wind,MW,curtailment_wind_QLD1,0.0
2025-12-02T20:00:00+10:00,curtailment_wind,MW,curtailment_wind_QLD1,0.0
2025-12-02T21:00:00+10:00,curtailment_wind,MW,curtailment_wind_QLD1,0.0
2025-12-02T22:00:00+10:00,curtailment_wind,MW,curtailment_wind_QLD1,0.0
2025-12-02T23:00:00+10:00,curtailment_wind,MW,curtailment_wind_QLD1,0.0
2025-12-03T00:00:00+10:00,curtailment_wind,MW,curtailment_wind_QLD1,2.098
2025-12-03T01:00:00+10:00,curtailment_wind,MW,curtailment_wind_QLD1,23.988
2025-12-03T02:00:00+10:00,curtailment_wind,MW,curtailment_wind_QLD1,23.988
2025-12-03T03:00:00+10:00,curtailment_wind,MW,curtailment_wind_QLD1,23.988
2025-12-03T04:00:00+10:00,curtailment_wind,MW,curtailment_wind_QLD1,12.6
2025-12-03T05:00:00+10:00,curtailment_wind,MW,curtailment_wind_QLD1,0.0
2025-12-03T06:00:00+10:00,curtailment_wind,MW,curtailment_wind_QLD1,155.5774
2025-12-03T07:00:00+10:00,curtailment_wind,MW,curtailment_wind_QLD1,3790.201
2025-12-03T08:00:00+10:00,curtailment_wind,MW,curtailment_wind_QLD1,4039.5122
2025-12-03T09:00:00+10:00,curtailment_wind,MW,curtailment_wind_QLD1,2477.7564
2025-12-03T10:00:00+10:00,curtailment_wind,MW,curtailment_wind_QLD1,1161.4642
2025-12-03T11:00:00+10:00,curtailment_wind,MW,curtailment_wind_QLD1,1054.6001
2025-12-03T12:00:00+10:00,curtailment_wind,MW,curtailment_wind_QLD1,1140.2253
2025-12-03T13:00:00+10:00,curtailment_wind,MW,curtailment_wind_QLD1,1513.4188
2025-12-03T14:00:00+10:00,curtailment_wind,MW,curtailment_wind_QLD1,900.7339
2025-12-02T15:00:00+10:00,curtailment_wind,MW,curtailment_wind_SA1,840.4358
2025-12-02T16:00:00+10:00,curtailment_wind,MW,curtailment_wind_SA1,706.1001
2025-12-02T17:00:00+10:00,curtailment_wind,MW,curtailment_wind_SA1,153.8182
2025-12-02T18:00:00+10:00,curtailment_wind,MW,curtailment_wind_SA1,0.0
2025-12-02T19:00:00+10:00,curtailment_wind,MW,curtailment_wind_SA1,0.0
2025-12-02T20:00:00+10:00,curtailment_wind,MW,curtailment_wind_SA1,0.0
2025-12-02T21:00:00+10:00,curtailment_wind,MW,curtailment_wind_SA1,0.0
2025-12-02T22:00:00+10:00,curtailment_wind,MW,curtailment_wind_SA1,0.0
2025-12-02T23:00:00+10:00,curtailment_wind,MW,curtailment_wind_SA1,0.0
2025-12-03T00:00:00+10:00,curtailment_wind,MW,curtailment_wind_SA1,0.0
2025-12-03T01:00:00+10:00,curtailment_wind,MW,curtailment_wind_SA1,0.0
2025-12-03T02:00:00+10:00,curtailment_wind,MW,curtailment_wind_SA1,7.6
2025-12-03T03:00:00+10:00,curtailment_wind,MW,curtailment_wind_SA1,22.7
2025-12-03T04:00:00+10:00,curtailment_wind,MW,curtailment_wind_SA1,37.216
2025-12-03T05:00:00+10:00,curtailment_wind,MW,curtailment_wind_SA1,53.388
2025-12-03T06:00:00+10:00,curtailment_wind,MW,curtailment_wind_SA1,477.5028
2025-12-03T07:00:00+10:00,curtailment_wind,MW,curtailment_wind_SA1,1143.5765
2025-12-03T08:00:00+10:00,curtailment_wind,MW,curtailment_wind_SA1,3826.5928
2025-12-03T09:00:00+10:00,curtailment_wind,MW,curtailment_wind_SA1,6569.5712
2025-12-03T10:00:00+10:00,curtailment_wind,MW,curtailment_wind_SA1,8353.7647
2025-12-03T11:00:00+10:00,curtailment_wind,MW,curtailment_wind_SA1,8448.6267
2025-12-03T12:00:00+10:00,curtailment_wind,MW,curtailment_wind_SA1,8113.2847
2025-12-03T13:00:00+10:00,curtailment_wind,MW,curtailment_wind_SA1,7248.2547
2025-12-03T14:00:00+10:00,curtailment_wind,MW,curtailment_wind_SA1,6996.3253
2025-12-02T15:00:00+10:00,curtailment_wind,MW,curtailment_wind_TAS1,0.0
2025-12-02T16:00:00+10:00,curtailment_wind,MW,curtailment_wind_TAS1,7.8017
2025-12-02T17:00:00+10:00,curtailment_wind,MW,curtailment_wind_TAS1,0.0
2025-12-02T18:00:00+10:00,curtailment_wind,MW,curtailment_wind_TAS1,0.0
2025-12-02T19:00:00+10:00,curtailment_wind,MW,curtailment_wind_TAS1,0.0
2025-12-02T20:00:00+10:00,curtailment_wind,MW,curtailment_wind_TAS1,0.0
2025-12-02T21:00:00+10:00,curtailment_wind,MW,curtailment_wind_TAS1,0.0
2025-12-02T22:00:00+10:00,curtailment_wind,MW,curtailment_wind_TAS1,0.0
2025-12-02T23:00:00+10:00,curtailment_wind,MW,curtailment_wind_TAS1,0.0
2025-12-03T00:00:00+10:00,curtailment_wind,MW,curtailment_wind_TAS1,0.0
2025-12-03T01:00:00+10:00,curtailment_wind,MW,curtailment_wind_TAS1,0.0
2025-12-03T02:00:00+10:00,curtailment_wind,MW,curtailment_wind_TAS1,0.0
2025-12-03T03:00:00+10:00,curtailment_wind,MW,curtailment_wind_TAS1,0.0
2025-12-03T04:00:00+10:00,curtailment_wind,MW,curtailment_wind_TAS1,0.0
2025-12-03T05:00:00+10:00,curtailment_wind,MW,curtailment_wind_TAS1,0.0
2025-12-03T06:00:00+10:00,curtailment_wind,MW,curtailment_wind_TAS1,0.0
2025-12-03T07:00:00+10:00,curtailment_wind,MW,curtailment_wind_TAS1,0.0
2025-12-03T08:00:00+10:00,curtailment_wind,MW,curtailment_wind_TAS1,0.0
2025-12-03T09:00:00+10:00,curtailment_wind,MW,curtailment_wind_TAS1,0.0
2025-12-03T10:00:00+10:00,curtailment_wind,MW,curtailment_wind_TAS1,0.0
2025-12-03T11:00:00+10:00,curtailment_wind,MW,curtailment_wind_TAS1,0.0
2025-12-03T12:00:00+10:00,curtailment_wind,MW,curtailment_wind_TAS1,0.0
2025-12-03T13:00:00+10:00,curtailment_wind,MW,curtailment_wind_TAS1,2.4233
2025-12-03T14:00:00+10:00,curtailment_wind,MW,curtailment_wind_TAS1,0.0
2025-12-02T15:00:00+10:00,curtailment_wind,MW,curtailment_wind_VIC1,4238.6039
2025-12-02T16:00:00+10:00,curtailment_wind,MW,curtailment_wind_VIC1,3639.085
2025-12-02T17:00:00+10:00,curtailment_wind,MW,curtailment_wind_VIC1,930.6897
2025-12-02T18:00:00+10:00,curtailment_wind,MW,curtailment_wind_VIC1,0.0
2025-12-02T19:00:00+10:00,curtailment_wind,MW,curtailment_wind_VIC1,0.0
2025-12-02T20:00:00+10:00,curtailment_wind,MW,curtailment_wind_VIC1,0.0
2025-12-02T21:00:00+10:00,curtailment_wind,MW,curtailment_wind_VIC1,0.0
2025-12-02T22:00:00+10:00,curtailment_wind,MW,curtailment_wind_VIC1,0.0
2025-12-02T23:00:00+10:00,curtailment_wind,MW,curtailment_wind_VIC1,0.0
2025-12-03T00:00:00+10:00,curtailment_wind,MW,curtailment_wind_VIC1,0.0
2025-12-03T01:00:00+10:00,curtailment_wind,MW,curtailment_wind_VIC1,0.0
2025-12-03T02:00:00+10:00,curtailment_wind,MW,curtailment_wind_VIC1,0.0
2025-12-03T03:00:00+10:00,curtailment_wind,MW,curtailment_wind_VIC1,0.0
2025-12-03T04:00:00+10:00,curtailment_wind,MW,curtailment_wind_VIC1,0.0
2025-12-03T05:00:00+10:00,curtailment_wind,MW,curtailment_wind_VIC1,0.0
2025-12-03T06:00:00+10:00,curtailment_wind,MW,curtailment_wind_VIC1,8346.0535
2025-12-03T07:00:00+10:00,curtailment_wind,MW,curtailment_wind_VIC1,9175.9363
2025-12-03T08:00:00+10:00,curtailment_wind,MW,curtailment_wind_VIC1,13639.945
2025-12-03T09:00:00+10:00,curtailment_wind,MW,curtailment_wind_VIC1,23043.134
2025-12-03T10:00:00+10:00,curtailment_wind,MW,curtailment_wind_VIC1,24730.122
2025-12-03T11:00:00+10:00,curtailment_wind,MW,curtailment_wind_VIC1,24408.642
2025-12-03T12:00:00+10:00,curtailment_wind,MW,curtailment_wind_VIC1,24345.317
2025-12-03T13:00:00+10:00,curtailment_wind,MW,curtailment_wind_VIC1,26500.333
2025-12-03T14:00:00+10:00,curtailment_wind,MW,curtailment_wind_VIC1,26064.169
2025-12-02T15:00:00+10:00,demand,MW,demand_NSW1,62794.08
2025-12-02T16:00:00+10:00,demand,MW,demand_NSW1,77498.24
2025-12-02T17:00:00+10:00,demand,MW,demand_NSW1,89964.3
2025-12-02T18:00:00+10:00,demand,MW,demand_NSW1,96297.21
2025-12-02T19:00:00+10:00,demand,MW,demand_NSW1,97300.93
2025-12-02T20:00:00+10:00,demand,MW,demand_NSW1,94808.36
2025-12-02T21:00:00+10:00,demand,MW,demand_NSW1,91434.11
2025-12-02T22:00:00+10:00,demand,MW,demand_NSW1,88129.66
2025-12-02T23:00:00+10:00,demand,MW,demand_NSW1,84545.54
2025-12-03T00:00:00+10:00,demand,MW,demand_NSW1,80942.5
2025-12-03T01:00:00+10:00,demand,MW,demand_NSW1,78028.97
2025-12-03T02:00:00+10:00,demand,MW,demand_NSW1,75910.28
2025-12-03T03:00:00+10:00,demand,MW,demand_NSW1,75175.97
2025-12-03T04:00:00+10:00,demand,MW,demand_NSW1,78743.37
2025-12-03T05:00:00+10:00,demand,MW,demand_NSW1,82798.17
2025-12-03T06:00:00+10:00,demand,MW,demand_NSW1,81701.01
2025-12-03T07:00:00+10:00,demand,MW,demand_NSW1,72307.5
2025-12-03T08:00:00+10:00,demand,MW,demand_NSW1,60651.98
2025-12-03T09:00:00+10:00,demand,MW,demand_NSW1,52584.03
2025-12-03T10:00:00+10:00,demand,MW,demand_NSW1,48893.96
2025-12-03T11:00:00+10:00,demand,MW,demand_NSW1,47276.82
2025-12-03T12:00:00+10:00,demand,MW,demand_NSW1,47521.4
2025-12-03T13:00:00+10:00,demand,MW,demand_NSW1,50181.99
2025-12-03T14:00:00+10:00,demand,MW,demand_NSW1,57757.74
2025-12-02T15:00:00+10:00,demand,MW,demand_QLD1,68628.37
2025-12-02T16:00:00+10:00,demand,MW,demand_QLD1,82810.54
2025-12-02T17:00:00+10:00,demand,MW,demand_QLD1,93300.02
2025-12-02T18:00:00+10:00,demand,MW,demand_QLD1,96754.05
2025-12-02T19:00:00+10:00,demand,MW,demand_QLD1,94749.26
2025-12-02T20:00:00+10:00,demand,MW,demand_QLD1,90454.02
2025-12-02T21:00:00+10:00,demand,MW,demand_QLD1,87438.78
2025-12-02T22:00:00+10:00,demand,MW,demand_QLD1,80899.55
2025-12-02T23:00:00+10:00,demand,MW,demand_QLD1,76575.43
2025-12-03T00:00:00+10:00,demand,MW,demand_QLD1,71989.85
2025-12-03T01:00:00+10:00,demand,MW,demand_QLD1,69764.85
2025-12-03T02:00:00+10:00,demand,MW,demand_QLD1,68642.1
2025-12-03T03:00:00+10:00,demand,MW,demand_QLD1,68555.46
2025-12-03T04:00:00+10:00,demand,MW,demand_QLD1,69824.06
2025-12-03T05:00:00+10:00,demand,MW,demand_QLD1,69953.58
2025-12-03T06:00:00+10:00,demand,MW,demand_QLD1,67541.43
2025-12-03T07:00:00+10:00,demand,MW,demand_QLD1,62790.04
2025-12-03T08:00:00+10:00,demand,MW,demand_QLD1,55686.53
2025-12-03T09:00:00+10:00,demand,MW,demand_QLD1,52871.54
2025-12-03T10:00:00+10:00,demand,MW,demand_QLD1,53104.16
2025-12-03T11:00:00+10:00,demand,MW,demand_QLD1,56335.44
2025-12-03T12:00:00+10:00,demand,MW,demand_QLD1,58718.06
2025-12-03T13:00:00+10:00,demand,MW,demand_QLD1,60076.39
2025-12-03T14:00:00+10:00,demand,MW,demand_QLD1,63989.89
2025-12-02T15:00:00+10:00,demand,MW,demand_SA1,2562.8
2025-12-02T16:00:00+10:00,demand,MW,demand_SA1,5616.41
2025-12-02T17:00:00+10:00,demand,MW,demand_SA1,10394.93
2025-12-02T18:00:00+10:00,demand,MW,demand_SA1,15134.14
2025-12-02T19:00:00+10:00,demand,MW,demand_SA1,18061.42
2025-12-02T20:00:00+10:00,demand,MW,demand_SA1,18169.57
2025-12-02T21:00:00+10:00,demand,MW,demand_SA1,17330.23
2025-12-02T22:00:00+10:00,demand,MW,demand_SA1,16407.7
2025-12-02T23:00:00+10:00,demand,MW,demand_SA1,16041.68
2025-12-03T00:00:00+10:00,demand,MW,demand_SA1,16466.19
2025-12-03T01:00:00+10:00,demand,MW,demand_SA1,16577.65
2025-12-03T02:00:00+10:00,demand,MW,demand_SA1,15774.34
2025-12-03T03:00:00+10:00,demand,MW,demand_SA1,15348.52
2025-12-03T04:00:00+10:00,demand,MW,demand_SA1,15847.81
2025-12-03T05:00:00+10:00,demand,MW,demand_SA1,16325.17
2025-12-03T06:00:00+10:00,demand,MW,demand_SA1,16370.64
2025-12-03T07:00:00+10:00,demand,MW,demand_SA1,13348.24
2025-12-03T08:00:00+10:00,demand,MW,demand_SA1,9368.4
2025-12-03T09:00:00+10:00,demand,MW,demand_SA1,5714.74
2025-12-03T10:00:00+10:00,demand,MW,demand_SA1,5163.38
2025-12-03T11:00:00+10:00,demand,MW,demand_SA1,5166.4
2025-12-03T12:00:00+10:00,demand,MW,demand_SA1,3368.64
2025-12-03T13:00:00+10:00,demand,MW,demand_SA1,3336.13
2025-12-03T14:00:00+10:00,demand,MW,demand_SA1,4334.54
2025-12-02T15:00:00+10:00,demand,MW,demand_TAS1,11640.51
2025-12-02T16:00:00+10:00,demand,MW,demand_TAS1,12534.74
2025-12-02T17:00:00+10:00,demand,MW,demand_TAS1,13368.91
2025-12-02T18:00:00+10:00,demand,MW,demand_TAS1,13783.47
2025-12-02T19:00:00+10:00,demand,MW,demand_TAS1,13487.42
2025-12-02T20:00:00+10:00,demand,MW,demand_TAS1,12899.14
2025-12-02T21:00:00+10:00,demand,MW,demand_TAS1,12207.39
2025-12-02T22:00:00+10:00,demand,MW,demand_TAS1,11237.89
2025-12-02T23:00:00+10:00,demand,MW,demand_TAS1,10888.34
2025-12-03T00:00:00+10:00,demand,MW,demand_TAS1,10616.62
2025-12-03T01:00:00+10:00,demand,MW,demand_TAS1,10486.34
2025-12-03T02:00:00+10:00,demand,MW,demand_TAS1,10626.31
2025-12-03T03:00:00+10:00,demand,MW,demand_TAS1,10694.13
2025-12-03T04:00:00+10:00,demand,MW,demand_TAS1,11522.74
2025-12-03T05:00:00+10:00,demand,MW,demand_TAS1,12496.25
2025-12-03T06:00:00+10:00,demand,MW,demand_TAS1,13511.5
2025-12-03T07:00:00+10:00,demand,MW,demand_TAS1,13352.43
2025-12-03T08:00:00+10:00,demand,MW,demand_TAS1,12887.24
2025-12-03T09:00:00+10:00,demand,MW,demand_TAS1,11813.22
2025-12-03T10:00:00+10:00,demand,MW,demand_TAS1,10830.96
2025-12-03T11:00:00+10:00,demand,MW,demand_TAS1,10164.57
2025-12-03T12:00:00+10:00,demand,MW,demand_TAS1,9965.35
2025-12-03T13:00:00+10:00,demand,MW,demand_TAS1,10010.84
2025-12-03T14:00:00+10:00,demand,MW,demand_TAS1,9934.89
2025-12-02T15:00:00+10:00,demand,MW,demand_VIC1,44884.95
2025-12-02T16:00:00+10:00,demand,MW,demand_VIC1,51882.78
2025-12-02T17:00:00+10:00,demand,MW,demand_VIC1,58955.81
2025-12-02T18:00:00+10:00,demand,MW,demand_VIC1,63321.34
2025-12-02T19:00:00+10:00,demand,MW,demand_VIC1,66366.85
2025-12-02T20:00:00+10:00,demand,MW,demand_VIC1,66129.0
2025-12-02T21:00:00+10:00,demand,MW,demand_VIC1,62203.08
2025-12-02T22:00:00+10:00,demand,MW,demand_VIC1,58500.4
2025-12-02T23:00:00+10:00,demand,MW,demand_VIC1,59033.25
2025-12-03T00:00:00+10:00,demand,MW,demand_VIC1,55705.5
2025-12-03T01:00:00+10:00,demand,MW,demand_VIC1,52973.88
2025-12-03T02:00:00+10:00,demand,MW,demand_VIC1,50377.31
2025-12-03T03:00:00+10:00,demand,MW,demand_VIC1,49732.44
2025-12-03T04:00:00+10:00,demand,MW,demand_VIC1,52251.76
2025-12-03T05:00:00+10:00,demand,MW,demand_VIC1,57569.86
2025-12-03T06:00:00+10:00,demand,MW,demand_VIC1,59192.64
2025-12-03T07:00:00+10:00,demand,MW,demand_VIC1,51503.17
2025-12-03T08:00:00+10:00,demand,MW,demand_VIC1,42031.56
2025-12-03T09:00:00+10:00,demand,MW,demand_VIC1,34561.0
2025-12-03T10:00:00+10:00,demand,MW,demand_VIC1,30244.53
2025-12-03T11:00:00+10:00,demand,MW,demand_VIC1,29102.9
2025-12-03T12:00:00+10:00,demand,MW,demand_VIC1,28719.1
2025-12-03T13:00:00+10:00,demand,MW,demand_VIC1,29982.19
2025-12-03T14:00:00+10:00,demand,MW,demand_VIC1,34373.88
2025-12-02T15:00:00+10:00,demand_energy,MWh,demand_energy_NSW1,5.1785
2025-12-02T16:00:00+10:00,demand_energy,MWh,demand_energy_NSW1,6.4111
2025-12-02T17:00:00+10:00,demand_energy,MWh,demand_energy_NSW1,7.4584
2025-12-02T18:00:00+10:00,demand_energy,MWh,demand_energy_NSW1,8.0163
2025-12-02T19:00:00+10:00,demand_energy,MWh,demand_energy_NSW1,8.1101
2025-12-02T20:00:00+10:00,demand_energy,MWh,demand_energy_NSW1,7.9156
2025-12-02T21:00:00+10:00,demand_energy,MWh,demand_energy_NSW1,7.628
2025-12-02T22:00:00+10:00,demand_energy,MWh,demand_energy_NSW1,7.3588
2025-12-02T23:00:00+10:00,demand_energy,MWh,demand_energy_NSW1,7.0561
2025-12-03T00:00:00+10:00,demand_energy,MWh,demand_energy_NSW1,6.7596
2025-12-03T01:00:00+10:00,demand_energy,MWh,demand_energy_NSW1,6.5092
2025-12-03T02:00:00+10:00,demand_energy,MWh,demand_energy_NSW1,6.3356
2025-12-03T03:00:00+10:00,demand_energy,MWh,demand_energy_NSW1,6.2593
2025-12-03T04:00:00+10:00,demand_energy,MWh,demand_energy_NSW1,6.5461
2025-12-03T05:00:00+10:00,demand_energy,MWh,demand_energy_NSW1,6.8803
2025-12-03T06:00:00+10:00,demand_energy,MWh,demand_energy_NSW1,6.8328
2025-12-03T07:00:00+10:00,demand_energy,MWh,demand_energy_NSW1,6.0721
2025-12-03T08:00:00+10:00,demand_energy,MWh,demand_energy_NSW1,5.0899
2025-12-03T09:00:00+10:00,demand_energy,MWh,demand_energy_NSW1,4.3926
2025-12-03T10:00:00+10:00,demand_energy,MWh,demand_energy_NSW1,4.0915
2025-12-03T11:00:00+10:00,demand_energy,MWh,demand_energy_NSW1,3.9403
2025-12-03T12:00:00+10:00,demand_energy,MWh,demand_energy_NSW1,3.9574
2025-12-03T13:00:00+10:00,demand_energy,MWh,demand_energy_NSW1,4.1653
2025-12-03T14:00:00+10:00,demand_energy,MWh,demand_energy_NSW1,4.7727
2025-12-02T15:00:00+10:00,demand_energy,MWh,demand_energy_QLD1,5.674
2025-12-02T16:00:00+10:00,demand_energy,MWh,demand_energy_QLD1,6.8534
2025-12-02T17:00:00+10:00,demand_energy,MWh,demand_energy_QLD1,7.7472
2025-12-02T18:00:00+10:00,demand_energy,MWh,demand_energy_QLD1,8.0636
2025-12-02T19:00:00+10:00,demand_energy,MWh,demand_energy_QLD1,7.9096
2025-12-02T20:00:00+10:00,demand_energy,MWh,demand_energy_QLD1,7.5444
2025-12-02T21:00:00+10:00,demand_energy,MWh,demand_energy_QLD1,7.3059
2025-12-02T22:00:00+10:00,demand_energy,MWh,demand_energy_QLD1,6.7646
2025-12-02T23:00:00+10:00,demand_energy,MWh,demand_energy_QLD1,6.393
2025-12-03T00:00:00+10:00,demand_energy,MWh,demand_energy_QLD1,6.0127
2025-12-03T01:00:00+10:00,demand_energy,MWh,demand_energy_QLD1,5.8214
2025-12-03T02:00:00+10:00,demand_energy,MWh,demand_energy_QLD1,5.72
2025-12-03T03:00:00+10:00,demand_energy,MWh,demand_energy_QLD1,5.7123
2025-12-03T04:00:00+10:00,demand_energy,MWh,demand_energy_QLD1,5.8138
2025-12-03T05:00:00+10:00,demand_energy,MWh,demand_energy_QLD1,5.8373
2025-12-03T06:00:00+10:00,demand_energy,MWh,demand_energy_QLD1,5.6374
2025-12-03T07:00:00+10:00,demand_energy,MWh,demand_energy_QLD1,5.2531
2025-12-03T08:00:00+10:00,demand_energy,MWh,demand_energy_QLD1,4.6618
2025-12-03T09:00:00+10:00,demand_energy,MWh,demand_energy_QLD1,4.4097
2025-12-03T10:00:00+10:00,demand_energy,MWh,demand_energy_QLD1,4.4162
2025-12-03T11:00:00+10:00,demand_energy,MWh,demand_energy_QLD1,4.6851
2025-12-03T12:00:00+10:00,demand_energy,MWh,demand_energy_QLD1,4.886
2025-12-03T13:00:00+10:00,demand_energy,MWh,demand_energy_QLD1,5.0041
2025-12-03T14:00:00+10:00,demand_energy,MWh,demand_energy_QLD1,5.3115
2025-12-02T15:00:00+10:00,demand_energy,MWh,demand_energy_SA1,0.2027
2025-12-02T16:00:00+10:00,demand_energy,MWh,demand_energy_SA1,0.454
2025-12-02T17:00:00+10:00,demand_energy,MWh,demand_energy_SA1,0.8506
2025-12-02T18:00:00+10:00,demand_energy,MWh,demand_energy_SA1,1.2456
2025-12-02T19:00:00+10:00,demand_energy,MWh,demand_energy_SA1,1.4988
2025-12-02T20:00:00+10:00,demand_energy,MWh,demand_energy_SA1,1.5161
2025-12-02T21:00:00+10:00,demand_energy,MWh,demand_energy_SA1,1.4473
2025-12-02T22:00:00+10:00,demand_energy,MWh,demand_energy_SA1,1.3713
2025-12-02T23:00:00+10:00,demand_energy,MWh,demand_energy_SA1,1.3362
2025-12-03T00:00:00+10:00,demand_energy,MWh,demand_energy_SA1,1.3706
2025-12-03T01:00:00+10:00,demand_energy,MWh,demand_energy_SA1,1.3832
2025-12-03T02:00:00+10:00,demand_energy,MWh,demand_energy_SA1,1.3171
2025-12-03T03:00:00+10:00,demand_energy,MWh,demand_energy_SA1,1.279
2025-12-03T04:00:00+10:00,demand_energy,MWh,demand_energy_SA1,1.3189
2025-12-03T05:00:00+10:00,demand_energy,MWh,demand_energy_SA1,1.3581
2025-12-03T06:00:00+10:00,demand_energy,MWh,demand_energy_SA1,1.3691
2025-12-03T07:00:00+10:00,demand_energy,MWh,demand_energy_SA1,1.1242
2025-12-03T08:00:00+10:00,demand_energy,MWh,demand_energy_SA1,0.7959
2025-12-03T09:00:00+10:00,demand_energy,MWh,demand_energy_SA1,0.487
2025-12-03T10:00:00+10:00,demand_energy,MWh,demand_energy_SA1,0.4243
2025-12-03T11:00:00+10:00,demand_energy,MWh,demand_energy_SA1,0.4357
2025-12-03T12:00:00+10:00,demand_energy,MWh,demand_energy_SA1,0.2871
2025-12-03T13:00:00+10:00,demand_energy,MWh,demand_energy_SA1,0.2757
2025-12-03T14:00:00+10:00,demand_energy,MWh,demand_energy_SA1,0.3603
2025-12-02T15:00:00+10:00,demand_energy,MWh,demand_energy_TAS1,0.9669
2025-12-02T16:00:00+10:00,demand_energy,MWh,demand_energy_TAS1,1.041
2025-12-02T17:00:00+10:00,demand_energy,MWh,demand_energy_TAS1,1.1123
2025-12-02T18:00:00+10:00,demand_energy,MWh,demand_energy_TAS1,1.1477
2025-12-02T19:00:00+10:00,demand_energy,MWh,demand_energy_TAS1,1.1263
2025-12-02T20:00:00+10:00,demand_energy,MWh,demand_energy_TAS1,1.0759
2025-12-02T21:00:00+10:00,demand_energy,MWh,demand_energy_TAS1,1.0217
2025-12-02T22:00:00+10:00,demand_energy,MWh,demand_energy_TAS1,0.9395
2025-12-02T23:00:00+10:00,demand_energy,MWh,demand_energy_TAS1,0.907
2025-12-03T00:00:00+10:00,demand_energy,MWh,demand_energy_TAS1,0.8862
2025-12-03T01:00:00+10:00,demand_energy,MWh,demand_energy_TAS1,0.8736
2025-12-03T02:00:00+10:00,demand_energy,MWh,demand_energy_TAS1,0.8847
2025-12-03T03:00:00+10:00,demand_energy,MWh,demand_energy_TAS1,0.8909
2025-12-03T04:00:00+10:00,demand_energy,MWh,demand_energy_TAS1,0.9565
2025-12-03T05:00:00+10:00,demand_energy,MWh,demand_energy_TAS1,1.037
2025-12-03T06:00:00+10:00,demand_energy,MWh,demand_energy_TAS1,1.1245
2025-12-03T07:00:00+10:00,demand_energy,MWh,demand_energy_TAS1,1.1142
2025-12-03T08:00:00+10:00,demand_energy,MWh,demand_energy_TAS1,1.0761
2025-12-03T09:00:00+10:00,demand_energy,MWh,demand_energy_TAS1,0.9881
2025-12-03T10:00:00+10:00,demand_energy,MWh,demand_energy_TAS1,0.9057
2025-12-03T11:00:00+10:00,demand_energy,MWh,demand_energy_TAS1,0.8493
2025-12-03T12:00:00+10:00,demand_energy,MWh,demand_energy_TAS1,0.8301
2025-12-03T13:00:00+10:00,demand_energy,MWh,demand_energy_TAS1,0.8354
2025-12-03T14:00:00+10:00,demand_energy,MWh,demand_energy_TAS1,0.8266
2025-12-02T15:00:00+10:00,demand_energy,MWh,demand_energy_VIC1,3.7343
2025-12-02T16:00:00+10:00,demand_energy,MWh,demand_energy_VIC1,4.2986
2025-12-02T17:00:00+10:00,demand_energy,MWh,demand_energy_VIC1,4.8921
2025-12-02T18:00:00+10:00,demand_energy,MWh,demand_energy_VIC1,5.2645
2025-12-02T19:00:00+10:00,demand_energy,MWh,demand_energy_VIC1,5.5212
2025-12-02T20:00:00+10:00,demand_energy,MWh,demand_energy_VIC1,5.5194
2025-12-02T21:00:00+10:00,demand_energy,MWh,demand_energy_VIC1,5.2015
2025-12-02T22:00:00+10:00,demand_energy,MWh,demand_energy_VIC1,4.8835
2025-12-02T23:00:00+10:00,demand_energy,MWh,demand_energy_VIC1,4.9178
2025-12-03T00:00:00+10:00,demand_energy,MWh,demand_energy_VIC1,4.6551
2025-12-03T01:00:00+10:00,demand_energy,MWh,demand_energy_VIC1,4.4228
2025-12-03T02:00:00+10:00,demand_energy,MWh,demand_energy_VIC1,4.2055
2025-12-03T03:00:00+10:00,demand_energy,MWh,demand_energy_VIC1,4.1434
2025-12-03T04:00:00+10:00,demand_energy,MWh,demand_energy_VIC1,4.3412
2025-12-03T05:00:00+10:00,demand_energy,MWh,demand_energy_VIC1,4.7796
2025-12-03T06:00:00+10:00,demand_energy,MWh,demand_energy_VIC1,4.9394
2025-12-03T07:00:00+10:00,demand_energy,MWh,demand_energy_VIC1,4.3293
2025-12-03T08:00:00+10:00,demand_energy,MWh,demand_energy_VIC1,3.5297
2025-12-03T09:00:00+10:00,demand_energy,MWh,demand_energy_VIC1,2.9037
2025-12-03T10:00:00+10:00,demand_energy,MWh,demand_energy_VIC1,2.5282
2025-12-03T11:00:00+10:00,demand_energy,MWh,demand_energy_VIC1,2.4252
2025-12-03T12:00:00+10:00,demand_energy,MWh,demand_energy_VIC1,2.3951
2025-12-03T13:00:00+10:00,demand_energy,MWh,demand_energy_VIC1,2.4893
2025-12-03T14:00:00+10:00,demand_energy,MWh,demand_energy_VIC1,2.8416
2025-12-02T15:00:00+10:00,price,$/MWh,price_NSW1,-22.013333
2025-12-02T16:00:00+10:00,price,$/MWh,price_NSW1,-10.448333
2025-12-02T17:00:00+10:00,price,$/MWh,price_NSW1,15.9125
2025-12-02T18:00:00+10:00,price,$/MWh,price_NSW1,114.615
2025-12-02T19:00:00+10:00,price,$/MWh,price_NSW1,137.505
2025-12-02T20:00:00+10:00,price,$/MWh,price_NSW1,124.49
2025-12-02T21:00:00+10:00,price,$/MWh,price_NSW1,125.42667
2025-12-02T22:00:00+10:00,price,$/MWh,price_NSW1,112.75333
2025-12-02T23:00:00+10:00,price,$/MWh,price_NSW1,107.74333
2025-12-03T00:00:00+10:00,price,$/MWh,price_NSW1,96.580833
2025-12-03T01:00:00+10:00,price,$/MWh,price_NSW1,85.753333
2025-12-03T02:00:00+10:00,price,$/MWh,price_NSW1,86.67
2025-12-03T03:00:00+10:00,price,$/MWh,price_NSW1,84.22
2025-12-03T04:00:00+10:00,price,$/MWh,price_NSW1,79.871667
2025-12-03T05:00:00+10:00,price,$/MWh,price_NSW1,37.680833
2025-12-03T06:00:00+10:00,price,$/MWh,price_NSW1,-6.5983333
2025-12-03T07:00:00+10:00,price,$/MWh,price_NSW1,-9.0175
2025-12-03T08:00:00+10:00,price,$/MWh,price_NSW1,-18.130833
2025-12-03T09:00:00+10:00,price,$/MWh,price_NSW1,-31.339167
2025-12-03T10:00:00+10:00,price,$/MWh,price_NSW1,-32.9125
2025-12-03T11:00:00+10:00,price,$/MWh,price_NSW1,-32.234167
2025-12-03T12:00:00+10:00,price,$/MWh,price_NSW1,-32.285833
2025-12-03T13:00:00+10:00,price,$/MWh,price_NSW1,-42.685833
2025-12-03T14:00:00+10:00,price,$/MWh,price_NSW1,-30.345833
2025-12-02T15:00:00+10:00,price,$/MWh,price_QLD1,-20.355833
2025-12-02T16:00:00+10:00,price,$/MWh,price_QLD1,-11.288333
2025-12-02T17:00:00+10:00,price,$/MWh,price_QLD1,29.354167
2025-12-02T18:00:00+10:00,price,$/MWh,price_QLD1,119.00417
2025-12-02T19:00:00+10:00,price,$/MWh,price_QLD1,126.05167
2025-12-02T20:00:00+10:00,price,$/MWh,price_QLD1,112.27
2025-12-02T21:00:00+10:00,price,$/MWh,price_QLD1,114.93167
2025-12-02T22:00:00+10:00,price,$/MWh,price_QLD1,103.44833
2025-12-02T23:00:00+10:00,price,$/MWh,price_QLD1,97.906667
2025-12-03T00:00:00+10:00,price,$/MWh,price_QLD1,83.3775
2025-12-03T01:00:00+10:00,price,$/MWh,price_QLD1,71.766667
2025-12-03T02:00:00+10:00,price,$/MWh,price_QLD1,74.3125
2025-12-03T03:00:00+10:00,price,$/MWh,price_QLD1,73.715833
2025-12-03T04:00:00+10:00,price,$/MWh,price_QLD1,71.7225
2025-12-03T05:00:00+10:00,price,$/MWh,price_QLD1,35.073333
2025-12-03T06:00:00+10:00,price,$/MWh,price_QLD1,-6.1875
2025-12-03T07:00:00+10:00,price,$/MWh,price_QLD1,-8.55
2025-12-03T08:00:00+10:00,price,$/MWh,price_QLD1,-18.111667
2025-12-03T09:00:00+10:00,price,$/MWh,price_QLD1,-31.96
2025-12-03T10:00:00+10:00,price,$/MWh,price_QLD1,-35.563333
2025-12-03T11:00:00+10:00,price,$/MWh,price_QLD1,-34.830833
2025-12-03T12:00:00+10:00,price,$/MWh,price_QLD1,-32.5425
2025-12-03T13:00:00+10:00,price,$/MWh,price_QLD1,61.0
2025-12-03T14:00:00+10:00,price,$/MWh,price_QLD1,-27.685
2025-12-02T15:00:00+10:00,price,$/MWh,price_SA1,-14.169167
2025-12-02T16:00:00+10:00,price,$/MWh,price_SA1,-9.5408333
2025-12-02T17:00:00+10:00,price,$/MWh,price_SA1,14.0425
2025-12-02T18:00:00+10:00,price,$/MWh,price_SA1,122.34583
2025-12-02T19:00:00+10:00,price,$/MWh,price_SA1,174.59167
2025-12-02T20:00:00+10:00,price,$/MWh,price_SA1,222.96667
2025-12-02T21:00:00+10:00,price,$/MWh,price_SA1,181.0775
2025-12-02T22:00:00+10:00,price,$/MWh,price_SA1,140.41
2025-12-02T23:00:00+10:00,price,$/MWh,price_SA1,141.64417
2025-12-03T00:00:00+10:00,price,$/MWh,price_SA1,156.78917
2025-12-03T01:00:00+10:00,price,$/MWh,price_SA1,157.335
2025-12-03T02:00:00+10:00,price,$/MWh,price_SA1,197.20167
2025-12-03T03:00:00+10:00,price,$/MWh,price_SA1,224.73
2025-12-03T04:00:00+10:00,price,$/MWh,price_SA1,190.17
2025-12-03T05:00:00+10:00,price,$/MWh,price_SA1,38.5175
2025-12-03T06:00:00+10:00,price,$/MWh,price_SA1,-6.9583333
2025-12-03T07:00:00+10:00,price,$/MWh,price_SA1,-8.8183333
2025-12-03T08:00:00+10:00,price,$/MWh,price_SA1,-18.656667
2025-12-03T09:00:00+10:00,price,$/MWh,price_SA1,-28.86
2025-12-03T10:00:00+10:00,price,$/MWh,price_SA1,-28.085833
2025-12-03T11:00:00+10:00,price,$/MWh,price_SA1,-27.578333
2025-12-03T12:00:00+10:00,price,$/MWh,price_SA1,-27.256667
2025-12-03T13:00:00+10:00,price,$/MWh,price_SA1,-35.255833
2025-12-03T14:00:00+10:00,price,$/MWh,price_SA1,-31.268333
2025-12-02T15:00:00+10:00,price,$/MWh,price_TAS1,49.513333
2025-12-02T16:00:00+10:00,price,$/MWh,price_TAS1,66.668333
2025-12-02T17:00:00+10:00,price,$/MWh,price_TAS1,63.545833
2025-12-02T18:00:00+10:00,price,$/MWh,price_TAS1,67.265833
2025-12-02T19:00:00+10:00,price,$/MWh,price_TAS1,58.980833
2025-12-02T20:00:00+10:00,price,$/MWh,price_TAS1,49.458333
2025-12-02T21:00:00+10:00,price,$/MWh,price_TAS1,46.404167
2025-12-02T22:00:00+10:00,price,$/MWh,price_TAS1,48.733333
2025-12-02T23:00:00+10:00,price,$/MWh,price_TAS1,66.008333
2025-12-03T00:00:00+10:00,price,$/MWh,price_TAS1,59.504167
2025-12-03T01:00:00+10:00,price,$/MWh,price_TAS1,60.410833
2025-12-03T02:00:00+10:00,price,$/MWh,price_TAS1,43.041667
2025-12-03T03:00:00+10:00,price,$/MWh,price_TAS1,42.195833
2025-12-03T04:00:00+10:00,price,$/MWh,price_TAS1,65.3975
2025-12-03T05:00:00+10:00,price,$/MWh,price_TAS1,76.006667
2025-12-03T06:00:00+10:00,price,$/MWh,price_TAS1,57.831667
2025-12-03T07:00:00+10:00,price,$/MWh,price_TAS1,54.985833
2025-12-03T08:00:00+10:00,price,$/MWh,price_TAS1,45.206667
2025-12-03T09:00:00+10:00,price,$/MWh,price_TAS1,35.240833
2025-12-03T10:00:00+10:00,price,$/MWh,price_TAS1,34.14
2025-12-03T11:00:00+10:00,price,$/MWh,price_TAS1,29.098333
2025-12-03T12:00:00+10:00,price,$/MWh,price_TAS1,24.540833
2025-12-03T13:00:00+10:00,price,$/MWh,price_TAS1,19.006667
2025-12-03T14:00:00+10:00,price,$/MWh,price_TAS1,22.430833
2025-12-02T15:00:00+10:00,price,$/MWh,price_VIC1,-14.935
2025-12-02T16:00:00+10:00,price,$/MWh,price_VIC1,1.5666667
2025-12-02T17:00:00+10:00,price,$/MWh,price_VIC1,15.79
2025-12-02T18:00:00+10:00,price,$/MWh,price_VIC1,109.33833
2025-12-02T19:00:00+10:00,price,$/MWh,price_VIC1,131.99167
2025-12-02T20:00:00+10:00,price,$/MWh,price_VIC1,127.44333
2025-12-02T21:00:00+10:00,price,$/MWh,price_VIC1,125.71167
2025-12-02T22:00:00+10:00,price,$/MWh,price_VIC1,116.5225
2025-12-02T23:00:00+10:00,price,$/MWh,price_VIC1,126.0725
2025-12-03T00:00:00+10:00,price,$/MWh,price_VIC1,118.2125
2025-12-03T01:00:00+10:00,price,$/MWh,price_VIC1,110.43083
2025-12-03T02:00:00+10:00,price,$/MWh,price_VIC1,84.283333
2025-12-03T03:00:00+10:00,price,$/MWh,price_VIC1,77.860833
2025-12-03T04:00:00+10:00,price,$/MWh,price_VIC1,72.055
2025-12-03T05:00:00+10:00,price,$/MWh,price_VIC1,32.855
2025-12-03T06:00:00+10:00,price,$/MWh,price_VIC1,-6.7841667
2025-12-03T07:00:00+10:00,price,$/MWh,price_VIC1,-9.53
2025-12-03T08:00:00+10:00,price,$/MWh,price_VIC1,-18.7975
2025-12-03T09:00:00+10:00,price,$/MWh,price_VIC1,-30.073333
2025-12-03T10:00:00+10:00,price,$/MWh,price_VIC1,-29.795833
2025-12-03T11:00:00+10:00,price,$/MWh,price_VIC1,-28.965833
2025-12-03T12:00:00+10:00,price,$/MWh,price_VIC1,-28.030833
2025-12-03T13:00:00+10:00,price,$/MWh,price_VIC1,-36.705
2025-12-03T14:00:00+10:00,price,$/MWh,price_VIC1,-27.198333
2025-12-02T15:00:00+08:00,curtailment,MW,curtailment_WEM,0.0
2025-12-02T16:00:00+08:00,curtailment,MW,curtailment_WEM,0.0
2025-12-02T17:00:00+08:00,curtailment,MW,curtailment_WEM,0.0
2025-12-02T18:00:00+08:00,curtailment,MW,curtailment_WEM,0.0
2025-12-02T19:00:00+08:00,curtailment,MW,curtailment_WEM,0.0
2025-12-02T20:00:00+08:00,curtailment,MW,curtailment_WEM,0.0
2025-12-02T21:00:00+08:00,curtailment,MW,curtailment_WEM,0.0
2025-12-02T22:00:00+08:00,curtailment,MW,curtailment_WEM,0.0
2025-12-02T23:00:00+08:00,curtailment,MW,curtailment_WEM,0.0
2025-12-03T00:00:00+08:00,curtailment,MW,curtailment_WEM,0.0
2025-12-03T01:00:00+08:00,curtailment,MW,curtailment_WEM,0.0
2025-12-03T02:00:00+08:00,curtailment,MW,curtailment_WEM,0.0
2025-12-03T03:00:00+08:00,curtailment,MW,curtailment_WEM,0.0
2025-12-03T04:00:00+08:00,curtailment,MW,curtailment_WEM,0.0
2025-12-03T05:00:00+08:00,curtailment,MW,curtailment_WEM,0.0
2025-12-03T06:00:00+08:00,curtailment,MW,curtailment_WEM,0.0
2025-12-03T07:00:00+08:00,curtailment,MW,curtailment_WEM,0.0
2025-12-03T08:00:00+08:00,curtailment,MW,curtailment_WEM,0.0
2025-12-03T09:00:00+08:00,curtailment,MW,curtailment_WEM,0.0
2025-12-03T10:00:00+08:00,curtailment,MW,curtailment_WEM,0.0
2025-12-03T11:00:00+08:00,curtailment,MW,curtailment_WEM,0.0
2025-12-03T12:00:00+08:00,curtailment,MW,curtailment_WEM,0.0
2025-12-03T13:00:00+08:00,curtailment,MW,curtailment_WEM,0.0
2025-12-03T14:00:00+08:00,curtailment,MW,curtailment_WEM,0.0
2025-12-02T15:00:00+08:00,curtailment_solar_utility,MW,curtailment_solar_utility_WEM,0.0
2025-12-02T16:00:00+08:00,curtailment_solar_utility,MW,curtailment_solar_utility_WEM,0.0
2025-12-02T17:00:00+08:00,curtailment_solar_utility,MW,curtailment_solar_utility_WEM,0.0
2025-12-02T18:00:00+08:00,curtailment_solar_utility,MW,curtailment_solar_utility_WEM,0.0
2025-12-02T19:00:00+08:00,curtailment_solar_utility,MW,curtailment_solar_utility_WEM,0.0
2025-12-02T20:00:00+08:00,curtailment_solar_utility,MW,curtailment_solar_utility_WEM,0.0
2025-12-02T21:00:00+08:00,curtailment_solar_utility,MW,curtailment_solar_utility_WEM,0.0
2025-12-02T22:00:00+08:00,curtailment_solar_utility,MW,curtailment_solar_utility_WEM,0.0
2025-12-02T23:00:00+08:00,curtailment_solar_utility,MW,curtailment_solar_utility_WEM,0.0
2025-12-03T00:00:00+08:00,curtailment_solar_utility,MW,curtailment_solar_utility_WEM,0.0
2025-12-03T01:00:00+08:00,curtailment_solar_utility,MW,curtailment_solar_utility_WEM,0.0
2025-12-03T02:00:00+08:00,curtailment_solar_utility,MW,curtailment_solar_utility_WEM,0.0
2025-12-03T03:00:00+08:00,curtailment_solar_utility,MW,curtailment_solar_utility_WEM,0.0
2025-12-03T04:00:00+08:00,curtailment_solar_utility,MW,curtailment_solar_utility_WEM,0.0
2025-12-03T05:00:00+08:00,curtailment_solar_utility,MW,curtailment_solar_utility_WEM,0.0
2025-12-03T06:00:00+08:00,curtailment_solar_utility,MW,curtailment_solar_utility_WEM,0.0
2025-12-03T07:00:00+08:00,curtailment_solar_utility,MW,curtailment_solar_utility_WEM,0.0
2025-12-03T08:00:00+08:00,curtailment_solar_utility,MW,curtailment_solar_utility_WEM,0.0
2025-12-03T09:00:00+08:00,curtailment_solar_utility,MW,curtailment_solar_utility_WEM,0.0
2025-12-03T10:00:00+08:00,curtailment_solar_utility,MW,curtailment_solar_utility_WEM,0.0
2025-12-03T11:00:00+08:00,curtailment_solar_utility,MW,curtailment_solar_utility_WEM,0.0
2025-12-03T12:00:00+08:00,curtailment_solar_utility,MW,curtailment_solar_utility_WEM,0.0
2025-12-03T13:00:00+08:00,curtailment_solar_utility,MW,curtailment_solar_utility_WEM,0.0
2025-12-03T14:00:00+08:00,curtailment_solar_utility,MW,curtailment_solar_utility_WEM,0.0
2025-12-02T15:00:00+08:00,curtailment_solar_utility_energy,MWh,curtailment_solar_utility_energy_WEM,0.0
2025-12-02T16:00:00+08:00,curtailment_solar_utility_energy,MWh,curtailment_solar_utility_energy_WEM,0.0
2025-12-02T17:00:00+08:00,curtailment_solar_utility_energy,MWh,curtailment_solar_utility_energy_WEM,0.0
2025-12-02T18:00:00+08:00,curtailment_solar_utility_energy,MWh,curtailment_solar_utility_energy_WEM,0.0
2025-12-02T19:00:00+08:00,curtailment_solar_utility_energy,MWh,curtailment_solar_utility_energy_WEM,0.0
2025-12-02T20:00:00+08:00,curtailment_solar_utility_energy,MWh,curtailment_solar_utility_energy_WEM,0.0
2025-12-02T21:00:00+08:00,curtailment_solar_utility_energy,MWh,curtailment_solar_utility_energy_WEM,0.0
2025-12-02T22:00:00+08:00,curtailment_solar_utility_energy,MWh,curtailment_solar_utility_energy_WEM,0.0
2025-12-02T23:00:00+08:00,curtailment_solar_utility_energy,MWh,curtailment_solar_utility_energy_WEM,0.0
2025-12-03T00:00:00+08:00,curtailment_solar_utility_energy,MWh,curtailment_solar_utility_energy_WEM,0.0
2025-12-03T01:00:00+08:00,curtailment_solar_utility_energy,MWh,curtailment_solar_utility_energy_WEM,0.0
2025-12-03T02:00:00+08:00,curtailment_solar_utility_energy,MWh,curtailment_solar_utility_energy_WEM,0.0
2025-12-03T03:00:00+08:00,curtailment_solar_utility_energy,MWh,curtailment_solar_utility_energy_WEM,0.0
2025-12-03T04:00:00+08:00,curtailment_solar_utility_energy,MWh,curtailment_solar_utility_energy_WEM,0.0
2025-12-03T05:00:00+08:00,curtailment_solar_utility_energy,MWh,curtailment_solar_utility_energy_WEM,0.0
2025-12-03T06:00:00+08:00,curtailment_solar_utility_energy,MWh,curtailment_solar_utility_energy_WEM,0.0
2025-12-03T07:00:00+08:00,curtailment_solar_utility_energy,MWh,curtailment_solar_utility_energy_WEM,0.0
2025-12-03T08:00:00+08:00,curtailment_solar_utility_energy,MWh,curtailment_solar_utility_energy_WEM,0.0
2025-12-03T09:00:00+08:00,curtailment_solar_utility_energy,MWh,curtailment_solar_utility_energy_WEM,0.0
2025-12-03T10:00:00+08:00,curtailment_solar_utility_energy,MWh,curtailment_solar_utility_energy_WEM,0.0
2025-12-03T11:00:00+08:00,curtailment_solar_utility_energy,MWh,curtailment_solar_utility_energy_WEM,0.0
2025-12-03T12:00:00+08:00,curtailment_solar_utility_energy,MWh,curtailment_solar_utility_energy_WEM,0.0
2025-12-03T13:00:00+08:00,curtailment_solar_utility_energy,MWh,curtailment_solar_utility_energy_WEM,0.0
2025-12-03T14:00:00+08:00,curtailment_solar_utility_energy,MWh,curtailment_solar_utility_energy_WEM,0.0
2025-12-02T15:00:00+08:00,curtailment_wind_energy,MWh,curtailment_wind_energy_WEM,0.0
2025-12-02T16:00:00+08:00,curtailment_wind_energy,MWh,curtailment_wind_energy_WEM,0.0
2025-12-02T17:00:00+08:00,curtailment_wind_energy,MWh,curtailment_wind_energy_WEM,0.0
2025-12-02T18:00:00+08:00,curtailment_wind_energy,MWh,curtailment_wind_energy_WEM,0.0
2025-12-02T19:00:00+08:00,curtailment_wind_energy,MWh,curtailment_wind_energy_WEM,0.0
2025-12-02T20:00:00+08:00,curtailment_wind_energy,MWh,curtailment_wind_energy_WEM,0.0
2025-12-02T21:00:00+08:00,curtailment_wind_energy,MWh,curtailment_wind_energy_WEM,0.0
2025-12-02T22:00:00+08:00,curtailment_wind_energy,MWh,curtailment_wind_energy_WEM,0.0
2025-12-02T23:00:00+08:00,curtailment_wind_energy,MWh,curtailment_wind_energy_WEM,0.0
2025-12-03T00:00:00+08:00,curtailment_wind_energy,MWh,curtailment_wind_energy_WEM,0.0
2025-12-03T01:00:00+08:00,curtailment_wind_energy,MWh,curtailment_wind_energy_WEM,0.0
2025-12-03T02:00:00+08:00,curtailment_wind_energy,MWh,curtailment_wind_energy_WEM,0.0
2025-12-03T03:00:00+08:00,curtailment_wind_energy,MWh,curtailment_wind_energy_WEM,0.0
2025-12-03T04:00:00+08:00,curtailment_wind_energy,MWh,curtailment_wind_energy_WEM,0.0
2025-12-03T05:00:00+08:00,curtailment_wind_energy,MWh,curtailment_wind_energy_WEM,0.0
2025-12-03T06:00:00+08:00,curtailment_wind_energy,MWh,curtailment_wind_energy_WEM,0.0
2025-12-03T07:00:00+08:00,curtailment_wind_energy,MWh,curtailment_wind_energy_WEM,0.0
2025-12-03T08:00:00+08:00,curtailment_wind_energy,MWh,curtailment_wind_energy_WEM,0.0
2025-12-03T09:00:00+08:00,curtailment_wind_energy,MWh,curtailment_wind_energy_WEM,0.0
2025-12-03T10:00:00+08:00,curtailment_wind_energy,MWh,curtailment_wind_energy_WEM,0.0
2025-12-03T11:00:00+08:00,curtailment_wind_energy,MWh,curtailment_wind_energy_WEM,0.0
2025-12-03T12:00:00+08:00,curtailment_wind_energy,MWh,curtailment_wind_energy_WEM,0.0
2025-12-03T13:00:00+08:00,curtailment_wind_energy,MWh,curtailment_wind_energy_WEM,0.0
2025-12-03T14:00:00+08:00,curtailment_wind_energy,MWh,curtailment_wind_energy_WEM,0.0
2025-12-02T15:00:00+08:00,curtailment_energy,MWh,curtailment_energy_WEM,0.0
2025-12-02T16:00:00+08:00,curtailment_energy,MWh,curtailment_energy_WEM,0.0
2025-12-02T17:00:00+08:00,curtailment_energy,MWh,curtailment_energy_WEM,0.0
2025-12-02T18:00:00+08:00,curtailment_energy,MWh,curtailment_energy_WEM,0.0
2025-12-02T19:00:00+08:00,curtailment_energy,MWh,curtailment_energy_WEM,0.0
2025-12-02T20:00:00+08:00,curtailment_energy,MWh,curtailment_energy_WEM,0.0
2025-12-02T21:00:00+08:00,curtailment_energy,MWh,curtailment_energy_WEM,0.0
2025-12-02T22:00:00+08:00,curtailment_energy,MWh,curtailment_energy_WEM,0.0
2025-12-02T23:00:00+08:00,curtailment_energy,MWh,curtailment_energy_WEM,0.0
2025-12-03T00:00:00+08:00,curtailment_energy,MWh,curtailment_energy_WEM,0.0
2025-12-03T01:00:00+08:00,curtailment_energy,MWh,curtailment_energy_WEM,0.0
2025-12-03T02:00:00+08:00,curtailment_energy,MWh,curtailment_energy_WEM,0.0
2025-12-03T03:00:00+08:00,curtailment_energy,MWh,curtailment_energy_WEM,0.0
2025-12-03T04:00:00+08:00,curtailment_energy,MWh,curtailment_energy_WEM,0.0
2025-12-03T05:00:00+08:00,curtailment_energy,MWh,curtailment_energy_WEM,0.0
2025-12-03T06:00:00+08:00,curtailment_energy,MWh,curtailment_energy_WEM,0.0
2025-12-03T07:00:00+08:00,curtailment_energy,MWh,curtailment_energy_WEM,0.0
2025-12-03T08:00:00+08:00,curtailment_energy,MWh,curtailment_energy_WEM,0.0
2025-12-03T09:00:00+08:00,curtailment_energy,MWh,curtailment_energy_WEM,0.0
2025-12-03T10:00:00+08:00,curtailment_energy,MWh,curtailment_energy_WEM,0.0
2025-12-03T11:00:00+08:00,curtailment_energy,MWh,curtailment_energy_WEM,0.0
2025-12-03T12:00:00+08:00,curtailment_energy,MWh,curtailment_energy_WEM,0.0
2025-12-03T13:00:00+08:00,curtailment_energy,MWh,curtailment_energy_WEM,0.0
2025-12-03T14:00:00+08:00,curtailment_energy,MWh,curtailment_energy_WEM,0.0
2025-12-02T15:00:00+08:00,curtailment_wind,MW,curtailment_wind_WEM,0.0
2025-12-02T16:00:00+08:00,curtailment_wind,MW,curtailment_wind_WEM,0.0
2025-12-02T17:00:00+08:00,curtailment_wind,MW,curtailment_wind_WEM,0.0
2025-12-02T18:00:00+08:00,curtailment_wind,MW,curtailment_wind_WEM,0.0
2025-12-02T19:00:00+08:00,curtailment_wind,MW,curtailment_wind_WEM,0.0
2025-12-02T20:00:00+08:00,curtailment_wind,MW,curtailment_wind_WEM,0.0
2025-12-02T21:00:00+08:00,curtailment_wind,MW,curtailment_wind_WEM,0.0
2025-12-02T22:00:00+08:00,curtailment_wind,MW,curtailment_wind_WEM,0.0
2025-12-02T23:00:00+08:00,curtailment_wind,MW,curtailment_wind_WEM,0.0
2025-12-03T00:00:00+08:00,curtailment_wind,MW,curtailment_wind_WEM,0.0
2025-12-03T01:00:00+08:00,curtailment_wind,MW,curtailment_wind_WEM,0.0
2025-12-03T02:00:00+08:00,curtailment_wind,MW,curtailment_wind_WEM,0.0
2025-12-03T03:00:00+08:00,curtailment_wind,MW,curtailment_wind_WEM,0.0
2025-12-03T04:00:00+08:00,curtailment_wind,MW,curtailment_wind_WEM,0.0
2025-12-03T05:00:00+08:00,curtailment_wind,MW,curtailment_wind_WEM,0.0
2025-12-03T06:00:00+08:00,curtailment_wind,MW,curtailment_wind_WEM,0.0
2025-12-03T07:00:00+08:00,curtailment_wind,MW,curtailment_wind_WEM,0.0
2025-12-03T08:00:00+08:00,curtailment_wind,MW,curtailment_wind_WEM,0.0
2025-12-03T09:00:00+08:00,curtailment_wind,MW,curtailment_wind_WEM,0.0
2025-12-03T10:00:00+08:00,curtailment_wind,MW,curtailment_wind_WEM,0.0
2025-12-03T11:00:00+08:00,curtailment_wind,MW,curtailment_wind_WEM,0.0
2025-12-03T12:00:00+08:00,curtailment_wind,MW,curtailment_wind_WEM,0.0
2025-12-03T13:00:00+08:00,curtailment_wind,MW,curtailment_wind_WEM,0.0
2025-12-03T14:00:00+08:00,curtailment_wind,MW,curtailment_wind_WEM,0.0
2025-12-03T00:00:00+08:00,price,$/MWh,price_WEM,78.5
2025-12-03T01:00:00+08:00,price,$/MWh,price_WEM,81.69
2025-12-03T02:00:00+08:00,price,$/MWh,price_WEM,84.65
2025-12-03T03:00:00+08:00,price,$/MWh,price_WEM,81.845
2025-12-03T04:00:00+08:00,price,$/MWh,price_WEM,85.04
2025-12-03T05:00:00+08:00,price,$/MWh,price_WEM,91.435
2025-12-03T06:00:00+08:00,price,$/MWh,price_WEM,76.79
2025-12-03T07:00:00+08:00,price,$/MWh,price_WEM,65.73
