timestamp,metric,unit,facility_code,unit_code,fueltech_group,network_region,value
2025-12-03T19:00:00+10:00,power,MW,power_WAMBOWF1,WAMBOWF1,,,983.206
2025-12-03T19:00:00+10:00,power,MW,power_BW01,BW01,,,15765.182
2025-12-03T19:00:00+10:00,power,MW,power_BW02,BW02,,,7911.4976
2025-12-03T19:00:00+10:00,power,MW,power_BW03,BW03,,,16382.087
2025-12-03T19:00:00+10:00,power,MW,power_BW04,BW04,,,0.0
2025-12-03T19:00:00+10:00,power,MW,power_CHBESS1,CHBESS1,,,96.3426
2025-12-03T19:00:00+10:00,power,MW,power_CHBESSG1,CHBESSG1,,,109.9194
2025-12-03T19:00:00+10:00,power,MW,power_CHBESSL1,CHBESSL1,,,13.5768
2025-12-03T19:00:00+10:00,power,MW,power_COLEASF1,COLEASF1,,,17.798
2025-12-03T19:00:00+10:00,power,MW,power_CULLRGWF,CULLRGWF,,,264.04
2025-12-03T19:00:00+10:00,power,MW,power_ERB01,ERB01,,,0.0
2025-12-03T19:00:00+10:00,power,MW,power_ERBG01,ERBG01,,,0.0
2025-12-03T19:00:00+10:00,power,MW,power_JLB01,JLB01,,,0.0
2025-12-03T19:00:00+10:00,power,MW,power_JLB02,JLB02,,,0.0
2025-12-03T19:00:00+10:00,power,MW,power_JLB03,JLB03,,,0.0
2025-12-03T19:00:00+10:00,power,MW,power_KIAMSF1,KIAMSF1,,,141.5732
2025-12-03T19:00:00+10:00,power,MW,power_LGAPWF1,LGAPWF1,,,391.88
2025-12-03T19:00:00+10:00,power,MW,power_LGAPWF2,LGAPWF2,,,366.66
2025-12-03T19:00:00+10:00,power,MW,power_MANNSF2,MANNSF2,,,24.76
2025-12-03T19:00:00+10:00,power,MW,power_MOORAWF1,MOORAWF1,,,2878.64
2025-12-03T19:00:00+10:00,power,MW,power_OAKEY1,OAKEY1,,,0.0
2025-12-03T19:00:00+10:00,power,MW,power_OAKEY2,OAKEY2,,,0.0
2025-12-03T19:00:00+10:00,power,MW,power_SAPHWF1,SAPHWF1,,,0.0
2025-12-03T19:00:00+10:00,power,MW,power_UPPTUMUT,UPPTUMUT,,,8038.9788
2025-12-03T19:00:00+10:00,power,MW,power_STAN-1,STAN-1,,,6732.0624
2025-12-03T19:00:00+10:00,power,MW,power_STAN-2,STAN-2,,,4804.5986
2025-12-03T19:00:00+10:00,power,MW,power_STAN-3,STAN-3,,,7461.472
2025-12-03T19:00:00+10:00,power,MW,power_STAN-4,STAN-4,,,7455.1912
2025-12-03T19:00:00+10:00,power,MW,power_ULPBESS1,ULPBESS1,,,2441.972
2025-12-03T19:00:00+10:00,power,MW,power_ULPBESSG1,ULPBESSG1,,,2441.972
2025-12-03T19:00:00+10:00,power,MW,power_WHITSF1,WHITSF1,,,0.0
2025-12-03T19:00:00+10:00,power,MW,power_WUNUSF1,WUNUSF1,,,13.4
2025-12-03T19:00:00+10:00,emissions,t,emissions_WAMBOWF1,WAMBOWF1,,,0.0
2025-12-03T19:00:00+10:00,emissions,t,emissions_BW01,BW01,,,1173.4455
2025-12-03T19:00:00+10:00,emissions,t,emissions_BW02,BW02,,,588.7125
2025-12-03T19:00:00+10:00,emissions,t,emissions_BW03,BW03,,,1218.7327
2025-12-03T19:00:00+10:00,emissions,t,emissions_BW04,BW04,,,0.0
2025-12-03T19:00:00+10:00,emissions,t,emissions_CHBESS1,CHBESS1,,,0.0
2025-12-03T19:00:00+10:00,emissions,t,emissions_CHBESSG1,CHBESSG1,,,0.0
2025-12-03T19:00:00+10:00,emissions,t,emissions_CHBESSL1,CHBESSL1,,,0.0
2025-12-03T19:00:00+10:00,emissions,t,emissions_COLEASF1,COLEASF1,,,0.0
2025-12-03T19:00:00+10:00,emissions,t,emissions_CULLRGWF,CULLRGWF,,,0.0
2025-12-03T19:00:00+10:00,emissions,t,emissions_ERB01,ERB01,,,0.0
2025-12-03T19:00:00+10:00,emissions,t,emissions_ERBG01,ERBG01,,,0.0
2025-12-03T19:00:00+10:00,emissions,t,emissions_JLB01,JLB01,,,0.0
2025-12-03T19:00:00+10:00,emissions,t,emissions_JLB02,JLB02,,,0.0
2025-12-03T19:00:00+10:00,emissions,t,emissions_JLB03,JLB03,,,0.0
2025-12-03T19:00:00+10:00,emissions,t,emissions_KIAMSF1,KIAMSF1,,,0.0
2025-12-03T19:00:00+10:00,emissions,t,emissions_LGAPWF1,LGAPWF1,,,0.0
2025-12-03T19:00:00+10:00,emissions,t,emissions_LGAPWF2,LGAPWF2,,,0.0
2025-12-03T19:00:00+10:00,emissions,t,emissions_MANNSF2,MANNSF2,,,0.0
2025-12-03T19:00:00+10:00,emissions,t,emissions_MOORAWF1,MOORAWF1,,,0.0
2025-12-03T19:00:00+10:00,emissions,t,emissions_OAKEY1,OAKEY1,,,0.0
2025-12-03T19:00:00+10:00,emissions,t,emissions_OAKEY2,OAKEY2,,,0.0
2025-12-03T19:00:00+10:00,emissions,t,emissions_SAPHWF1,SAPHWF1,,,0.0
2025-12-03T19:00:00+10:00,emissions,t,emissions_UPPTUMUT,UPPTUMUT,,,0.0
2025-12-03T19:00:00+10:00,emissions,t,emissions_STAN-1,STAN-1,,,482.58
2025-12-03T19:00:00+10:00,emissions,t,emissions_STAN-2,STAN-2,,,345.6886
2025-12-03T19:00:00+10:00,emissions,t,emissions_STAN-3,STAN-3,,,534.2434
2025-12-03T19:00:00+10:00,emissions,t,emissions_STAN-4,STAN-4,,,529.3975
2025-12-03T19:00:00+10:00,emissions,t,emissions_ULPBESS1,ULPBESS1,,,0.0
2025-12-03T19:00:00+10:00,emissions,t,emissions_ULPBESSG1,ULPBESSG1,,,0.0
2025-12-03T19:00:00+10:00,emissions,t,emissions_WHITSF1,WHITSF1,,,0.0
2025-12-03T19:00:00+10:00,emissions,t,emissions_WUNUSF1,WUNUSF1,,,0.0
2025-12-03T19:00:00+10:00,power,MW,power_AGLHAL,AGLHAL,,,0.0
2025-12-03T19:00:00+10:00,power,MW,power_BANGOWF1,BANGOWF1,,,223.5488
2025-12-03T19:00:00+10:00,power,MW,power_BANGOWF2,BANGOWF2,,,296.1712
2025-12-03T19:00:00+10:00,power,MW,power_BBTHREE1,BBTHREE1,,,0.0
2025-12-03T19:00:00+10:00,power,MW,power_BBTHREE2,BBTHREE2,,,0.0
2025-12-03T19:00:00+10:00,power,MW,power_BBTHREE3,BBTHREE3,,,0.0
2025-12-03T19:00:00+10:00,power,MW,power_TVPP104,TVPP104,,,0.0
2025-12-03T19:00:00+10:00,power,MW,power_BNGSF1,BNGSF1,,,212.54
2025-12-03T19:00:00+10:00,power,MW,power_BOWWBA1,BOWWBA1,,,0.0
2025-12-03T19:00:00+10:00,power,MW,power_BOWWBA1G,BOWWBA1G,,,0.0
2025-12-03T19:00:00+10:00,power,MW,power_BOWWPV1,BOWWPV1,,,0.0
2025-12-03T19:00:00+10:00,power,MW,power_CROOKWF3,CROOKWF3,,,233.0644
2025-12-03T19:00:00+10:00,power,MW,power_ER01,ER01,,,14985.873
2025-12-03T19:00:00+10:00,power,MW,power_ER02,ER02,,,4337.7616
2025-12-03T19:00:00+10:00,power,MW,power_ER03,ER03,,,16744.445
2025-12-03T19:00:00+10:00,power,MW,power_ER04,ER04,,,15986.279
2025-12-03T19:00:00+10:00,power,MW,power_GANNSF1,GANNSF1,,,18.4
2025-12-03T19:00:00+10:00,power,MW,power_HBESS1,HBESS1,,,1551.8
2025-12-03T19:00:00+10:00,power,MW,power_HBESSG1,HBESSG1,,,1551.8
2025-12-03T19:00:00+10:00,power,MW,power_HDWF2,HDWF2,,,270.0
2025-12-03T19:00:00+10:00,power,MW,power_HDWF3,HDWF3,,,266.2
2025-12-03T19:00:00+10:00,power,MW,power_MCINTYR1,MCINTYR1,,,2586.8074
2025-12-03T19:00:00+10:00,power,MW,power_OAKEY2SF,OAKEY2SF,,,0.0
2025-12-03T19:00:00+10:00,power,MW,power_OAKLAND1,OAKLAND1,,,585.8
2025-12-03T19:00:00+10:00,power,MW,power_WAGGNSF1,WAGGNSF1,,,0.9034
2025-12-03T19:00:00+10:00,power,MW,power_WOLARSF1,WOLARSF1,,,0.0
2025-12-03T19:00:00+10:00,emissions,t,emissions_AGLHAL,AGLHAL,,,0.0
2025-12-03T19:00:00+10:00,emissions,t,emissions_BANGOWF1,BANGOWF1,,,0.0
2025-12-03T19:00:00+10:00,emissions,t,emissions_BANGOWF2,BANGOWF2,,,0.0
2025-12-03T19:00:00+10:00,emissions,t,emissions_BBTHREE1,BBTHREE1,,,0.0
2025-12-03T19:00:00+10:00,emissions,t,emissions_BBTHREE2,BBTHREE2,,,0.0
2025-12-03T19:00:00+10:00,emissions,t,emissions_BBTHREE3,BBTHREE3,,,0.0
2025-12-03T19:00:00+10:00,emissions,t,emissions_TVPP104,TVPP104,,,0.0
2025-12-03T19:00:00+10:00,emissions,t,emissions_BNGSF1,BNGSF1,,,0.0
2025-12-03T19:00:00+10:00,emissions,t,emissions_BOWWBA1,BOWWBA1,,,0.0
2025-12-03T19:00:00+10:00,emissions,t,emissions_BOWWBA1G,BOWWBA1G,,,0.0
2025-12-03T19:00:00+10:00,emissions,t,emissions_BOWWPV1,BOWWPV1,,,0.0
2025-12-03T19:00:00+10:00,emissions,t,emissions_CROOKWF3,CROOKWF3,,,0.0
2025-12-03T19:00:00+10:00,emissions,t,emissions_ER01,ER01,,,1116.8794
2025-12-03T19:00:00+10:00,emissions,t,emissions_ER02,ER02,,,325.5923
2025-12-03T19:00:00+10:00,emissions,t,emissions_ER03,ER03,,,1228.9659
2025-12-03T19:00:00+10:00,emissions,t,emissions_ER04,ER04,,,1181.2973
2025-12-03T19:00:00+10:00,emissions,t,emissions_GANNSF1,GANNSF1,,,0.0
2025-12-03T19:00:00+10:00,emissions,t,emissions_HBESS1,HBESS1,,,0.0
2025-12-03T19:00:00+10:00,emissions,t,emissions_HBESSG1,HBESSG1,,,0.0
2025-12-03T19:00:00+10:00,emissions,t,emissions_HDWF2,HDWF2,,,0.0
2025-12-03T19:00:00+10:00,emissions,t,emissions_HDWF3,HDWF3,,,0.0
2025-12-03T19:00:00+10:00,emissions,t,emissions_MCINTYR1,MCINTYR1,,,0.0
2025-12-03T19:00:00+10:00,emissions,t,emissions_OAKEY2SF,OAKEY2SF,,,0.0
2025-12-03T19:00:00+10:00,emissions,t,emissions_OAKLAND1,OAKLAND1,,,0.0
2025-12-03T19:00:00+10:00,emissions,t,emissions_WAGGNSF1,WAGGNSF1,,,0.0
2025-12-03T19:00:00+10:00,emissions,t,emissions_WOLARSF1,WOLARSF1,,,0.0
2025-12-03T19:00:00+10:00,power,MW,power_BRAEMAR5,BRAEMAR5,,,4.8336
2025-12-03T19:00:00+10:00,power,MW,power_BRAEMAR6,BRAEMAR6,,,0.0
2025-12-03T19:00:00+10:00,power,MW,power_BRAEMAR7,BRAEMAR7,,,0.0
2025-12-03T19:00:00+10:00,power,MW,power_BASTYAN,BASTYAN,,,0.0
2025-12-03T19:00:00+10:00,power,MW,power_BODWF1,BODWF1,,,0.0
2025-12-03T19:00:00+10:00,power,MW,power_CAPTL_WF,CAPTL_WF,,,771.4726
2025-12-03T19:00:00+10:00,power,MW,power_CHALLHWF,CHALLHWF,,,400.8
2025-12-03T19:00:00+10:00,power,MW,power_CRURWF1,CRURWF1,,,264.9496
2025-12-03T19:00:00+10:00,power,MW,power_HUGSF1,HUGSF1,,,0.0
2025-12-03T19:00:00+10:00,power,MW,power_HUMENSW,HUMENSW,,,449.9092
2025-12-03T19:00:00+10:00,power,MW,power_LILYSF1,LILYSF1,,,0.0
2025-12-03T19:00:00+10:00,power,MW,power_QBYNB1,QBYNB1,,,-1.056
2025-12-03T19:00:00+10:00,power,MW,power_QBYNBL1,QBYNBL1,,,1.056
2025-12-03T19:00:00+10:00,power,MW,power_RESS1,RESS1,,,820.6788
2025-12-03T19:00:00+10:00,power,MW,power_RESS1G,RESS1G,,,820.6788
2025-12-03T19:00:00+10:00,power,MW,power_SMTHBES1,SMTHBES1,,,1108.261
2025-12-03T19:00:00+10:00,power,MW,power_SMTHBES1G1,SMTHBES1G1,,,1111.57
2025-12-03T19:00:00+10:00,power,MW,power_SMTHBES1L1,SMTHBES1L1,,,3.309
2025-12-03T19:00:00+10:00,power,MW,power_BLOWERNG,BLOWERNG,,,522.6
2025-12-03T19:00:00+10:00,power,MW,power_TARBESS1,TARBESS1,,,-15.1024
2025-12-03T19:00:00+10:00,power,MW,power_TARBESSL1,TARBESSL1,,,15.1024
2025-12-03T19:00:00+10:00,power,MW,power_WRSF1,WRSF1,,,0.0
2025-12-03T19:00:00+10:00,power,MW,power_YWPS1,YWPS1,,,7924.5
2025-12-03T19:00:00+10:00,power,MW,power_YWPS2,YWPS2,,,0.0
2025-12-03T19:00:00+10:00,power,MW,power_YWPS3,YWPS3,,,0.0
2025-12-03T19:00:00+10:00,power,MW,power_YWPS4,YWPS4,,,8408.8126
2025-12-03T19:00:00+10:00,emissions,t,emissions_BRAEMAR5,BRAEMAR5,,,0.2352
2025-12-03T19:00:00+10:00,emissions,t,emissions_BRAEMAR6,BRAEMAR6,,,0.0
2025-12-03T19:00:00+10:00,emissions,t,emissions_BRAEMAR7,BRAEMAR7,,,0.0
2025-12-03T19:00:00+10:00,emissions,t,emissions_BASTYAN,BASTYAN,,,0.0
2025-12-03T19:00:00+10:00,emissions,t,emissions_BODWF1,BODWF1,,,0.0
2025-12-03T19:00:00+10:00,emissions,t,emissions_CAPTL_WF,CAPTL_WF,,,0.0
2025-12-03T19:00:00+10:00,emissions,t,emissions_CHALLHWF,CHALLHWF,,,0.0
2025-12-03T19:00:00+10:00,emissions,t,emissions_CRURWF1,CRURWF1,,,0.0
2025-12-03T19:00:00+10:00,emissions,t,emissions_HUGSF1,HUGSF1,,,0.0
2025-12-03T19:00:00+10:00,emissions,t,emissions_HUMENSW,HUMENSW,,,0.0
2025-12-03T19:00:00+10:00,emissions,t,emissions_LILYSF1,LILYSF1,,,0.0
2025-12-03T19:00:00+10:00,emissions,t,emissions_QBYNB1,QBYNB1,,,0.0
2025-12-03T19:00:00+10:00,emissions,t,emissions_QBYNBL1,QBYNBL1,,,0.0
2025-12-03T19:00:00+10:00,emissions,t,emissions_RESS1,RESS1,,,0.0
2025-12-03T19:00:00+10:00,emissions,t,emissions_RESS1G,RESS1G,,,0.0
2025-12-03T19:00:00+10:00,emissions,t,emissions_SMTHBES1,SMTHBES1,,,0.0
2025-12-03T19:00:00+10:00,emissions,t,emissions_SMTHBES1G1,SMTHBES1G1,,,0.0
2025-12-03T19:00:00+10:00,emissions,t,emissions_SMTHBES1L1,SMTHBES1L1,,,0.0
2025-12-03T19:00:00+10:00,emissions,t,emissions_BLOWERNG,BLOWERNG,,,0.0
2025-12-03T19:00:00+10:00,emissions,t,emissions_TARBESS1,TARBESS1,,,0.0
2025-12-03T19:00:00+10:00,emissions,t,emissions_TARBESSL1,TARBESSL1,,,0.0
2025-12-03T19:00:00+10:00,emissions,t,emissions_WRSF1,WRSF1,,,0.0
2025-12-03T19:00:00+10:00,emissions,t,emissions_YWPS1,YWPS1,,,859.7618
2025-12-03T19:00:00+10:00,emissions,t,emissions_YWPS2,YWPS2,,,0.0
2025-12-03T19:00:00+10:00,emissions,t,emissions_YWPS3,YWPS3,,,0.0
2025-12-03T19:00:00+10:00,emissions,t,emissions_YWPS4,YWPS4,,,914.4036
2025-12-03T19:00:00+10:00,power,MW,power_ADPBA1,ADPBA1,,,86.276
2025-12-03T19:00:00+10:00,power,MW,power_ADPBA1G,ADPBA1G,,,86.276
2025-12-03T19:00:00+10:00,power,MW,power_ADPPV1,ADPPV1,,,8.894
2025-12-03T19:00:00+10:00,power,MW,power_AGLSOM,AGLSOM,,,0.0
2025-12-03T19:00:00+10:00,power,MW,power_BRNDBES1,BRNDBES1,,,3616.9702
2025-12-03T19:00:00+10:00,power,MW,power_BRNDBESG1,BRNDBESG1,,,3616.9702
2025-12-03T19:00:00+10:00,power,MW,power_CPP_3,CPP_3,,,9535.9
2025-12-03T19:00:00+10:00,power,MW,power_CPP_4,CPP_4,,,10039.15
2025-12-03T19:00:00+10:00,power,MW,power_CLUNY,CLUNY,,,51.9496
2025-12-03T19:00:00+10:00,power,MW,power_COLWF01,COLWF01,,,897.536
2025-12-03T19:00:00+10:00,power,MW,power_ERGT01,ERGT01,,,0.0
2025-12-03T19:00:00+10:00,power,MW,power_KAREEYA1,KAREEYA1,,,501.1
2025-12-03T19:00:00+10:00,power,MW,power_KAREEYA2,KAREEYA2,,,499.94
2025-12-03T19:00:00+10:00,power,MW,power_KAREEYA3,KAREEYA3,,,497.68
2025-12-03T19:00:00+10:00,power,MW,power_KAREEYA4,KAREEYA4,,,498.005
2025-12-03T19:00:00+10:00,power,MW,power_LONSDALE,LONSDALE,,,0.0
2025-12-03T19:00:00+10:00,power,MW,power_MEADOWBK,MEADOWBK,,,286.372
2025-12-03T19:00:00+10:00,power,MW,power_NEWENSF1,NEWENSF1,,,0.0
2025-12-03T19:00:00+10:00,power,MW,power_NEWENSF2,NEWENSF2,,,0.0
2025-12-03T19:00:00+10:00,power,MW,power_NUMURSF1,NUMURSF1,,,24.66
2025-12-03T19:00:00+10:00,power,MW,power_POAT110,POAT110,,,757.7154
2025-12-03T19:00:00+10:00,power,MW,power_POAT220,POAT220,,,351.94
2025-12-03T19:00:00+10:00,power,MW,power_RYEPARK1,RYEPARK1,,,1249.2898
2025-12-03T19:00:00+10:00,power,MW,power_SRSF1,SRSF1,,,0.0
2025-12-03T19:00:00+10:00,power,MW,power_TRIBUTE,TRIBUTE,,,1866.84
2025-12-03T19:00:00+10:00,power,MW,power_PUMP1,PUMP1,,,0.0
2025-12-03T19:00:00+10:00,power,MW,power_PUMP2,PUMP2,,,0.0
2025-12-03T19:00:00+10:00,power,MW,power_W/HOE#1,W/HOE#1,,,6612.38
2025-12-03T19:00:00+10:00,power,MW,power_W/HOE#2,W/HOE#2,,,6629.58
2025-12-03T19:00:00+10:00,power,MW,power_WLWLSF1,WLWLSF1,,,8.443
2025-12-03T19:00:00+10:00,power,MW,power_WLWLSF2,WLWLSF2,,,9.443
2025-12-03T19:00:00+10:00,emissions,t,emissions_ADPBA1,ADPBA1,,,0.0
2025-12-03T19:00:00+10:00,emissions,t,emissions_ADPBA1G,ADPBA1G,,,0.0
2025-12-03T19:00:00+10:00,emissions,t,emissions_ADPPV1,ADPPV1,,,0.0
2025-12-03T19:00:00+10:00,emissions,t,emissions_AGLSOM,AGLSOM,,,0.0
2025-12-03T19:00:00+10:00,emissions,t,emissions_BRNDBES1,BRNDBES1,,,0.0
2025-12-03T19:00:00+10:00,emissions,t,emissions_BRNDBESG1,BRNDBESG1,,,0.0
2025-12-03T19:00:00+10:00,emissions,t,emissions_CPP_3,CPP_3,,,691.1005
2025-12-03T19:00:00+10:00,emissions,t,emissions_CPP_4,CPP_4,,,733.1474
2025-12-03T19:00:00+10:00,emissions,t,emissions_CLUNY,CLUNY,,,0.0
2025-12-03T19:00:00+10:00,emissions,t,emissions_COLWF01,COLWF01,,,0.0
2025-12-03T19:00:00+10:00,emissions,t,emissions_ERGT01,ERGT01,,,0.0
2025-12-03T19:00:00+10:00,emissions,t,emissions_KAREEYA1,KAREEYA1,,,0.0
2025-12-03T19:00:00+10:00,emissions,t,emissions_KAREEYA2,KAREEYA2,,,0.0
2025-12-03T19:00:00+10:00,emissions,t,emissions_KAREEYA3,KAREEYA3,,,0.0
2025-12-03T19:00:00+10:00,emissions,t,emissions_KAREEYA4,KAREEYA4,,,0.0
2025-12-03T19:00:00+10:00,emissions,t,emissions_LONSDALE,LONSDALE,,,0.0
2025-12-03T19:00:00+10:00,emissions,t,emissions_MEADOWBK,MEADOWBK,,,0.0
2025-12-03T19:00:00+10:00,emissions,t,emissions_NEWENSF1,NEWENSF1,,,0.0
2025-12-03T19:00:00+10:00,emissions,t,emissions_NEWENSF2,NEWENSF2,,,0.0
2025-12-03T19:00:00+10:00,emissions,t,emissions_NUMURSF1,NUMURSF1,,,0.0
2025-12-03T19:00:00+10:00,emissions,t,emissions_POAT110,POAT110,,,0.0
2025-12-03T19:00:00+10:00,emissions,t,emissions_POAT220,POAT220,,,0.0
2025-12-03T19:00:00+10:00,emissions,t,emissions_RYEPARK1,RYEPARK1,,,0.0
2025-12-03T19:00:00+10:00,emissions,t,emissions_SRSF1,SRSF1,,,0.0
2025-12-03T19:00:00+10:00,emissions,t,emissions_TRIBUTE,TRIBUTE,,,0.0
2025-12-03T19:00:00+10:00,emissions,t,emissions_PUMP1,PUMP1,,,0.0
2025-12-03T19:00:00+10:00,emissions,t,emissions_PUMP2,PUMP2,,,0.0
2025-12-03T19:00:00+10:00,emissions,t,emissions_W/HOE#1,W/HOE#1,,,0.0
2025-12-03T19:00:00+10:00,emissions,t,emissions_W/HOE#2,W/HOE#2,,,0.0
2025-12-03T19:00:00+10:00,emissions,t,emissions_WLWLSF1,WLWLSF1,,,0.0
2025-12-03T19:00:00+10:00,emissions,t,emissions_WLWLSF2,WLWLSF2,,,0.0
2025-12-03T19:00:00+10:00,power,MW,power_ARWF1,ARWF1,,,1018.4
2025-12-03T19:00:00+10:00,power,MW,power_BARCSF1,BARCSF1,,,4.8
2025-12-03T19:00:00+10:00,power,MW,power_BARRON-1,BARRON-1,,,0.0
2025-12-03T19:00:00+10:00,power,MW,power_BARRON-2,BARRON-2,,,668.58
2025-12-03T19:00:00+10:00,power,MW,power_CROOKWF2,CROOKWF2,,,185.2802
2025-12-03T19:00:00+10:00,power,MW,power_GNNDHSF1,GNNDHSF1,,,0.0
2025-12-03T19:00:00+10:00,power,MW,power_HAYMSF1,HAYMSF1,,,0.0
2025-12-03T19:00:00+10:00,power,MW,power_HD1WF1,HD1WF1,,,719.38
2025-12-03T19:00:00+10:00,power,MW,power_HEZ1,HEZ1,,,0.0
2025-12-03T19:00:00+10:00,power,MW,power_HUMEV,HUMEV,,,0.0
2025-12-03T19:00:00+10:00,power,MW,power_JUNEESF1,JUNEESF1,,,1.627
2025-12-03T19:00:00+10:00,power,MW,power_LKBONNY1,LKBONNY1,,,488.7012
2025-12-03T19:00:00+10:00,power,MW,power_MLSP1,MLSP1,,,0.272
2025-12-03T19:00:00+10:00,power,MW,power_MOREESF1,MOREESF1,,,0.0
2025-12-03T19:00:00+10:00,power,MW,power_RRSF1,RRSF1,,,0.0
2025-12-03T19:00:00+10:00,power,MW,power_SUNRSF1,SUNRSF1,,,66.1388
2025-12-03T19:00:00+10:00,power,MW,power_VP5,VP5,,,0.0
2025-12-03T19:00:00+10:00,power,MW,power_VP6,VP6,,,15100.412
2025-12-03T19:00:00+10:00,power,MW,power_WANDB1,WANDB1,,,1094.9616
2025-12-03T19:00:00+10:00,power,MW,power_WANDBG1,WANDBG1,,,1094.9616
2025-12-03T19:00:00+10:00,power,MW,power_WYASF1,WYASF1,,,0.0
2025-12-03T19:00:00+10:00,power,MW,power_YABULU,YABULU,,,3739.4338
2025-12-03T19:00:00+10:00,power,MW,power_YABULU2,YABULU2,,,0.0
2025-12-03T19:00:00+10:00,power,MW,power_YATSF1,YATSF1,,,35.54
2025-12-03T19:00:00+10:00,emissions,t,emissions_ARWF1,ARWF1,,,0.0
2025-12-03T19:00:00+10:00,emissions,t,emissions_BARCSF1,BARCSF1,,,0.0
2025-12-03T19:00:00+10:00,emissions,t,emissions_BARRON-1,BARRON-1,,,0.0
2025-12-03T19:00:00+10:00,emissions,t,emissions_BARRON-2,BARRON-2,,,0.0
2025-12-03T19:00:00+10:00,emissions,t,emissions_CROOKWF2,CROOKWF2,,,0.0
2025-12-03T19:00:00+10:00,emissions,t,emissions_GNNDHSF1,GNNDHSF1,,,0.0
2025-12-03T19:00:00+10:00,emissions,t,emissions_HAYMSF1,HAYMSF1,,,0.0
2025-12-03T19:00:00+10:00,emissions,t,emissions_HD1WF1,HD1WF1,,,0.0
2025-12-03T19:00:00+10:00,emissions,t,emissions_HEZ1,HEZ1,,,0.0
2025-12-03T19:00:00+10:00,emissions,t,emissions_HUMEV,HUMEV,,,0.0
2025-12-03T19:00:00+10:00,emissions,t,emissions_JUNEESF1,JUNEESF1,,,0.0
2025-12-03T19:00:00+10:00,emissions,t,emissions_LKBONNY1,LKBONNY1,,,0.0
2025-12-03T19:00:00+10:00,emissions,t,emissions_MLSP1,MLSP1,,,0.0
2025-12-03T19:00:00+10:00,emissions,t,emissions_MOREESF1,MOREESF1,,,0.0
2025-12-03T19:00:00+10:00,emissions,t,emissions_RRSF1,RRSF1,,,0.0
2025-12-03T19:00:00+10:00,emissions,t,emissions_SUNRSF1,SUNRSF1,,,0.0
2025-12-03T19:00:00+10:00,emissions,t,emissions_VP5,VP5,,,0.0
2025-12-03T19:00:00+10:00,emissions,t,emissions_VP6,VP6,,,1151.9471
2025-12-03T19:00:00+10:00,emissions,t,emissions_WANDB1,WANDB1,,,0.0
2025-12-03T19:00:00+10:00,emissions,t,emissions_WANDBG1,WANDBG1,,,0.0
2025-12-03T19:00:00+10:00,emissions,t,emissions_WYASF1,WYASF1,,,0.0
2025-12-03T19:00:00+10:00,emissions,t,emissions_YABULU,YABULU,,,141.3038
2025-12-03T19:00:00+10:00,emissions,t,emissions_YABULU2,YABULU2,,,0.0
2025-12-03T19:00:00+10:00,emissions,t,emissions_YATSF1,YATSF1,,,0.0
2025-12-03T19:00:00+10:00,power,MW,power_BRAEMAR1,BRAEMAR1,,,0.0
2025-12-03T19:00:00+10:00,power,MW,power_BRAEMAR2,BRAEMAR2,,,0.0
2025-12-03T19:00:00+10:00,power,MW,power_BRAEMAR3,BRAEMAR3,,,0.0
2025-12-03T19:00:00+10:00,power,MW,power_BROKENH1,BROKENH1,,,6.2
2025-12-03T19:00:00+10:00,power,MW,power_COHUNSF1,COHUNSF1,,,4.68
2025-12-03T19:00:00+10:00,power,MW,power_DDPS1,DDPS1,,,5044.4902
2025-12-03T19:00:00+10:00,power,MW,power_DPNTB1,DPNTB1,,,392.7954
2025-12-03T19:00:00+10:00,power,MW,power_DPNTBG1,DPNTBG1,,,393.6896
2025-12-03T19:00:00+10:00,power,MW,power_DPNTBL1,DPNTBL1,,,0.8942
2025-12-03T19:00:00+10:00,power,MW,power_DULAWF1,DULAWF1,,,3.2
2025-12-03T19:00:00+10:00,power,MW,power_EDENVSF1,EDENVSF1,,,0.0
2025-12-03T19:00:00+10:00,power,MW,power_FINLYSF1,FINLYSF1,,,25.9648
2025-12-03T19:00:00+10:00,power,MW,power_GLRWNSF1,GLRWNSF1,,,24.08
2025-12-03T19:00:00+10:00,power,MW,power_JLA01,JLA01,,,0.0
2025-12-03T19:00:00+10:00,power,MW,power_JLA02,JLA02,,,0.0
2025-12-03T19:00:00+10:00,power,MW,power_JLA03,JLA03,,,0.0
2025-12-03T19:00:00+10:00,power,MW,power_JLA04,JLA04,,,0.0
2025-12-03T19:00:00+10:00,power,MW,power_MANSLR1,MANSLR1,,,0.0
2025-12-03T19:00:00+10:00,power,MW,power_RIVNB2,RIVNB2,,,1066.6394
2025-12-03T19:00:00+10:00,power,MW,power_RIVNBG2,RIVNBG2,,,1067.761
2025-12-03T19:00:00+10:00,power,MW,power_RIVNBL2,RIVNBL2,,,1.1216
2025-12-03T19:00:00+10:00,power,MW,power_ROWALLAN,ROWALLAN,,,-0.1142
2025-12-03T19:00:00+10:00,power,MW,power_SNOWSTH1,SNOWSTH1,,,88.8
2025-12-03T19:00:00+10:00,power,MW,power_SWAN_E,SWAN_E,,,-13.92
2025-12-03T19:00:00+10:00,power,MW,power_TARALGA1,TARALGA1,,,604.9236
2025-12-03T19:00:00+10:00,power,MW,power_TULLYSM1,TULLYSM1,,,-7.2
2025-12-03T19:00:00+10:00,power,MW,power_TUNGATIN,TUNGATIN,,,1881.4
2025-12-03T19:00:00+10:00,power,MW,power_WALGRV1,WALGRV1,,,500.5436
2025-12-03T19:00:00+10:00,power,MW,power_WALGRVG1,WALGRVG1,,,501.4464
2025-12-03T19:00:00+10:00,power,MW,power_WALGRVL1,WALGRVL1,,,0.9028
2025-12-03T19:00:00+10:00,power,MW,power_WDGPH1,WDGPH1,,,0.0
2025-12-03T19:00:00+10:00,emissions,t,emissions_BRAEMAR1,BRAEMAR1,,,0.0
2025-12-03T19:00:00+10:00,emissions,t,emissions_BRAEMAR2,BRAEMAR2,,,0.0
2025-12-03T19:00:00+10:00,emissions,t,emissions_BRAEMAR3,BRAEMAR3,,,0.0
2025-12-03T19:00:00+10:00,emissions,t,emissions_BROKENH1,BROKENH1,,,0.0
2025-12-03T19:00:00+10:00,emissions,t,emissions_COHUNSF1,COHUNSF1,,,0.0
2025-12-03T19:00:00+10:00,emissions,t,emissions_DDPS1,DDPS1,,,175.4448
2025-12-03T19:00:00+10:00,emissions,t,emissions_DPNTB1,DPNTB1,,,0.0
2025-12-03T19:00:00+10:00,emissions,t,emissions_DPNTBG1,DPNTBG1,,,0.0
2025-12-03T19:00:00+10:00,emissions,t,emissions_DPNTBL1,DPNTBL1,,,0.0
2025-12-03T19:00:00+10:00,emissions,t,emissions_DULAWF1,DULAWF1,,,0.0
2025-12-03T19:00:00+10:00,emissions,t,emissions_EDENVSF1,EDENVSF1,,,0.0
2025-12-03T19:00:00+10:00,emissions,t,emissions_FINLYSF1,FINLYSF1,,,0.0
2025-12-03T19:00:00+10:00,emissions,t,emissions_GLRWNSF1,GLRWNSF1,,,0.0
2025-12-03T19:00:00+10:00,emissions,t,emissions_JLA01,JLA01,,,0.0
2025-12-03T19:00:00+10:00,emissions,t,emissions_JLA02,JLA02,,,0.0
2025-12-03T19:00:00+10:00,emissions,t,emissions_JLA03,JLA03,,,0.0
2025-12-03T19:00:00+10:00,emissions,t,emissions_JLA04,JLA04,,,0.0
2025-12-03T19:00:00+10:00,emissions,t,emissions_MANSLR1,MANSLR1,,,0.0
2025-12-03T19:00:00+10:00,emissions,t,emissions_RIVNB2,RIVNB2,,,0.0
2025-12-03T19:00:00+10:00,emissions,t,emissions_RIVNBG2,RIVNBG2,,,0.0
2025-12-03T19:00:00+10:00,emissions,t,emissions_RIVNBL2,RIVNBL2,,,0.0
2025-12-03T19:00:00+10:00,emissions,t,emissions_ROWALLAN,ROWALLAN,,,0.0
2025-12-03T19:00:00+10:00,emissions,t,emissions_SNOWSTH1,SNOWSTH1,,,0.0
2025-12-03T19:00:00+10:00,emissions,t,emissions_SWAN_E,SWAN_E,,,0.0
2025-12-03T19:00:00+10:00,emissions,t,emissions_TARALGA1,TARALGA1,,,0.0
2025-12-03T19:00:00+10:00,emissions,t,emissions_TULLYSM1,TULLYSM1,,,0.0
2025-12-03T19:00:00+10:00,emissions,t,emissions_TUNGATIN,TUNGATIN,,,0.0
2025-12-03T19:00:00+10:00,emissions,t,emissions_WALGRV1,WALGRV1,,,0.0
2025-12-03T19:00:00+10:00,emissions,t,emissions_WALGRVG1,WALGRVG1,,,0.0
2025-12-03T19:00:00+10:00,emissions,t,emissions_WALGRVL1,WALGRVL1,,,0.0
2025-12-03T19:00:00+10:00,emissions,t,emissions_WDGPH1,WDGPH1,,,0.0
2025-12-03T19:00:00+10:00,power,MW,power_MREHA2,MREHA2,,,4780.5612
2025-12-03T19:00:00+10:00,power,MW,power_MREHAG2,MREHAG2,,,4780.5612
2025-12-03T19:00:00+10:00,power,MW,power_BHB1,BHB1,,,426.2648
2025-12-03T19:00:00+10:00,power,MW,power_BHBG1,BHBG1,,,427.979
2025-12-03T19:00:00+10:00,power,MW,power_BHBL1,BHBL1,,,1.7142
2025-12-03T19:00:00+10:00,power,MW,power_BRYB1WF1,BRYB1WF1,,,1169.1706
2025-12-03T19:00:00+10:00,power,MW,power_BRYB2WF2,BRYB2WF2,,,761.5228
2025-12-03T19:00:00+10:00,power,MW,power_CNUNDAWF,CNUNDAWF,,,339.5958
2025-12-03T19:00:00+10:00,power,MW,power_CAPBES1,CAPBES1,,,1870.6
2025-12-03T19:00:00+10:00,power,MW,power_CAPBES1G,CAPBES1G,,,1870.6
2025-12-03T19:00:00+10:00,power,MW,power_CBWWBA1,CBWWBA1,,,0.004
2025-12-03T19:00:00+10:00,power,MW,power_CBWWBA1G,CBWWBA1G,,,0.004
2025-12-03T19:00:00+10:00,power,MW,power_CLEMGPWF,CLEMGPWF,,,0.0
2025-12-03T19:00:00+10:00,power,MW,power_DARTM1,DARTM1,,,3420.6
2025-12-03T19:00:00+10:00,power,MW,power_LIMBESS1,LIMBESS1,,,0.0
2025-12-03T19:00:00+10:00,power,MW,power_LIMBESSG1,LIMBESSG1,,,0.0
2025-12-03T19:00:00+10:00,power,MW,power_LOYYB1,LOYYB1,,,13710.75
2025-12-03T19:00:00+10:00,power,MW,power_LOYYB2,LOYYB2,,,13746.0
2025-12-03T19:00:00+10:00,power,MW,power_MP1,MP1,,,17435.471
2025-12-03T19:00:00+10:00,power,MW,power_MP2,MP2,,,16703.38
2025-12-03T19:00:00+10:00,power,MW,power_NBHWF1,NBHWF1,,,158.2
2025-12-03T19:00:00+10:00,power,MW,power_POR01,POR01,,,0.5016
2025-12-03T19:00:00+10:00,power,MW,power_POR03,POR03,,,0.0
2025-12-03T19:00:00+10:00,power,MW,power_PARSF1,PARSF1,,,3.8266
2025-12-03T19:00:00+10:00,power,MW,power_ROYALLA1,ROYALLA1,,,0.078
2025-12-03T19:00:00+10:00,power,MW,power_STWF1,STWF1,,,4.5266
2025-12-03T19:00:00+10:00,power,MW,power_TEMPB1,TEMPB1,,,2416.8
2025-12-03T19:00:00+10:00,power,MW,power_TEMPBG1,TEMPBG1,,,2416.8
2025-12-03T19:00:00+10:00,power,MW,power_TIB1,TIB1,,,2638.74
2025-12-03T19:00:00+10:00,power,MW,power_TIBG1,TIBG1,,,2638.74
2025-12-03T19:00:00+10:00,power,MW,power_VBB1,VBB1,,,935.4
2025-12-03T19:00:00+10:00,power,MW,power_VBBG1,VBBG1,,,935.4
2025-12-03T19:00:00+10:00,emissions,t,emissions_MREHA2,MREHA2,,,0.0
2025-12-03T19:00:00+10:00,emissions,t,emissions_MREHAG2,MREHAG2,,,0.0
2025-12-03T19:00:00+10:00,emissions,t,emissions_BHB1,BHB1,,,0.0
2025-12-03T19:00:00+10:00,emissions,t,emissions_BHBG1,BHBG1,,,0.0
2025-12-03T19:00:00+10:00,emissions,t,emissions_BHBL1,BHBL1,,,0.0
2025-12-03T19:00:00+10:00,emissions,t,emissions_BRYB1WF1,BRYB1WF1,,,0.0
2025-12-03T19:00:00+10:00,emissions,t,emissions_BRYB2WF2,BRYB2WF2,,,0.0
2025-12-03T19:00:00+10:00,emissions,t,emissions_CNUNDAWF,CNUNDAWF,,,0.0
2025-12-03T19:00:00+10:00,emissions,t,emissions_CAPBES1,CAPBES1,,,0.0
2025-12-03T19:00:00+10:00,emissions,t,emissions_CAPBES1G,CAPBES1G,,,0.0
2025-12-03T19:00:00+10:00,emissions,t,emissions_CBWWBA1,CBWWBA1,,,0.0
2025-12-03T19:00:00+10:00,emissions,t,emissions_CBWWBA1G,CBWWBA1G,,,0.0
2025-12-03T19:00:00+10:00,emissions,t,emissions_CLEMGPWF,CLEMGPWF,,,0.0
2025-12-03T19:00:00+10:00,emissions,t,emissions_DARTM1,DARTM1,,,0.0
2025-12-03T19:00:00+10:00,emissions,t,emissions_LIMBESS1,LIMBESS1,,,0.0
2025-12-03T19:00:00+10:00,emissions,t,emissions_LIMBESSG1,LIMBESSG1,,,0.0
2025-12-03T19:00:00+10:00,emissions,t,emissions_LOYYB1,LOYYB1,,,1166.4735
2025-12-03T19:00:00+10:00,emissions,t,emissions_LOYYB2,LOYYB2,,,1172.9445
2025-12-03T19:00:00+10:00,emissions,t,emissions_MP1,MP1,,,1191.1982
2025-12-03T19:00:00+10:00,emissions,t,emissions_MP2,MP2,,,1146.5942
2025-12-03T19:00:00+10:00,emissions,t,emissions_NBHWF1,NBHWF1,,,0.0
2025-12-03T19:00:00+10:00,emissions,t,emissions_POR01,POR01,,,0.1012
2025-12-03T19:00:00+10:00,emissions,t,emissions_POR03,POR03,,,0.0
2025-12-03T19:00:00+10:00,emissions,t,emissions_PARSF1,PARSF1,,,0.0
2025-12-03T19:00:00+10:00,emissions,t,emissions_ROYALLA1,ROYALLA1,,,0.0
2025-12-03T19:00:00+10:00,emissions,t,emissions_STWF1,STWF1,,,0.0
2025-12-03T19:00:00+10:00,emissions,t,emissions_TEMPB1,TEMPB1,,,0.0
2025-12-03T19:00:00+10:00,emissions,t,emissions_TEMPBG1,TEMPBG1,,,0.0
2025-12-03T19:00:00+10:00,emissions,t,emissions_TIB1,TIB1,,,0.0
2025-12-03T19:00:00+10:00,emissions,t,emissions_TIBG1,TIBG1,,,0.0
2025-12-03T19:00:00+10:00,emissions,t,emissions_VBB1,VBB1,,,0.0
2025-12-03T19:00:00+10:00,emissions,t,emissions_VBBG1,VBBG1,,,0.0
2025-12-03T19:00:00+10:00,power,MW,power_BLUEGSF1,BLUEGSF1,,,0.0
2025-12-03T19:00:00+10:00,power,MW,power_CONDONG1,CONDONG1,,,622.78
2025-12-03T19:00:00+10:00,power,MW,power_GSTONE1,GSTONE1,,,0.0
2025-12-03T19:00:00+10:00,power,MW,power_GSTONE2,GSTONE2,,,5003.6192
2025-12-03T19:00:00+10:00,power,MW,power_GSTONE3,GSTONE3,,,5003.3046
2025-12-03T19:00:00+10:00,power,MW,power_GSTONE4,GSTONE4,,,5004.2206
2025-12-03T19:00:00+10:00,power,MW,power_GSTONE5,GSTONE5,,,5005.3554
2025-12-03T19:00:00+10:00,power,MW,power_GSTONE6,GSTONE6,,,0.0
2025-12-03T19:00:00+10:00,power,MW,power_GUSF1,GUSF1,,,18.48
2025-12-03T19:00:00+10:00,power,MW,power_HAUGHT11,HAUGHT11,,,0.0
2025-12-03T19:00:00+10:00,power,MW,power_JEMALNG1,JEMALNG1,,,0.38
2025-12-03T19:00:00+10:00,power,MW,power_KEPBG1,KEPBG1,,,24.6
2025-12-03T19:00:00+10:00,power,MW,power_KEPSF1,KEPSF1,,,0.0
2025-12-03T19:00:00+10:00,power,MW,power_KEPWF1,KEPWF1,,,389.8
2025-12-03T19:00:00+10:00,power,MW,power_KESSB1,KESSB1,,,2530.18
2025-12-03T19:00:00+10:00,power,MW,power_KESSG1,KESSG1,,,2530.18
2025-12-03T19:00:00+10:00,power,MW,power_LBB1,LBB1,,,228.9
2025-12-03T19:00:00+10:00,power,MW,power_LBBG1,LBBG1,,,229.5
2025-12-03T19:00:00+10:00,power,MW,power_LBBL1,LBBL1,,,0.6
2025-12-03T19:00:00+10:00,power,MW,power_MSTUART1,MSTUART1,,,0.0
2025-12-03T19:00:00+10:00,power,MW,power_MSTUART2,MSTUART2,,,0.0
2025-12-03T19:00:00+10:00,power,MW,power_MSTUART3,MSTUART3,,,0.0
2025-12-03T19:00:00+10:00,power,MW,power_MTGELWF1,MTGELWF1,,,401.0526
2025-12-03T19:00:00+10:00,power,MW,power_PIBESS1,PIBESS1,,,79.124
2025-12-03T19:00:00+10:00,power,MW,power_PIBESSG1,PIBESSG1,,,79.124
2025-12-03T19:00:00+10:00,power,MW,power_ROMA_7,ROMA_7,,,0.0
2025-12-03T19:00:00+10:00,power,MW,power_ROMA_8,ROMA_8,,,0.0
2025-12-03T19:00:00+10:00,power,MW,power_SNB01,SNB01,,,-27.6458
2025-12-03T19:00:00+10:00,power,MW,power_SNBL01,SNBL01,,,27.6458
2025-12-03T19:00:00+10:00,power,MW,power_TBSF1,TBSF1,,,16.2
2025-12-03T19:00:00+10:00,power,MW,power_VPGS1,VPGS1,,,0.0
2025-12-03T19:00:00+10:00,power,MW,power_VPGS2,VPGS2,,,0.0
2025-12-03T19:00:00+10:00,power,MW,power_VPGS3,VPGS3,,,0.0
2025-12-03T19:00:00+10:00,power,MW,power_VPGS4,VPGS4,,,0.0
2025-12-03T19:00:00+10:00,power,MW,power_VPGS5,VPGS5,,,0.0
2025-12-03T19:00:00+10:00,power,MW,power_VPGS6,VPGS6,,,0.0
2025-12-03T19:00:00+10:00,power,MW,power_WDBESS2,WDBESS2,,,5702.6242
2025-12-03T19:00:00+10:00,power,MW,power_WDBESSG2,WDBESSG2,,,5702.6242
2025-12-03T19:00:00+10:00,power,MW,power_YAMBUKWF,YAMBUKWF,,,263.8
2025-12-03T19:00:00+10:00,emissions,t,emissions_BLUEGSF1,BLUEGSF1,,,0.0
2025-12-03T19:00:00+10:00,emissions,t,emissions_CONDONG1,CONDONG1,,,1.9106
2025-12-03T19:00:00+10:00,emissions,t,emissions_GSTONE1,GSTONE1,,,0.0
2025-12-03T19:00:00+10:00,emissions,t,emissions_GSTONE2,GSTONE2,,,397.7514
2025-12-03T19:00:00+10:00,emissions,t,emissions_GSTONE3,GSTONE3,,,398.306
2025-12-03T19:00:00+10:00,emissions,t,emissions_GSTONE4,GSTONE4,,,397.9052
2025-12-03T19:00:00+10:00,emissions,t,emissions_GSTONE5,GSTONE5,,,397.8311
2025-12-03T19:00:00+10:00,emissions,t,emissions_GSTONE6,GSTONE6,,,0.0
2025-12-03T19:00:00+10:00,emissions,t,emissions_GUSF1,GUSF1,,,0.0
2025-12-03T19:00:00+10:00,emissions,t,emissions_HAUGHT11,HAUGHT11,,,0.0
2025-12-03T19:00:00+10:00,emissions,t,emissions_JEMALNG1,JEMALNG1,,,0.0
2025-12-03T19:00:00+10:00,emissions,t,emissions_KEPBG1,KEPBG1,,,0.0
2025-12-03T19:00:00+10:00,emissions,t,emissions_KEPSF1,KEPSF1,,,0.0
2025-12-03T19:00:00+10:00,emissions,t,emissions_KEPWF1,KEPWF1,,,0.0
2025-12-03T19:00:00+10:00,emissions,t,emissions_KESSB1,KESSB1,,,0.0
2025-12-03T19:00:00+10:00,emissions,t,emissions_KESSG1,KESSG1,,,0.0
2025-12-03T19:00:00+10:00,emissions,t,emissions_LBB1,LBB1,,,0.0
2025-12-03T19:00:00+10:00,emissions,t,emissions_LBBG1,LBBG1,,,0.0
2025-12-03T19:00:00+10:00,emissions,t,emissions_LBBL1,LBBL1,,,0.0
2025-12-03T19:00:00+10:00,emissions,t,emissions_MSTUART1,MSTUART1,,,0.0
2025-12-03T19:00:00+10:00,emissions,t,emissions_MSTUART2,MSTUART2,,,0.0
2025-12-03T19:00:00+10:00,emissions,t,emissions_MSTUART3,MSTUART3,,,0.0
2025-12-03T19:00:00+10:00,emissions,t,emissions_MTGELWF1,MTGELWF1,,,0.0
2025-12-03T19:00:00+10:00,emissions,t,emissions_PIBESS1,PIBESS1,,,0.0
2025-12-03T19:00:00+10:00,emissions,t,emissions_PIBESSG1,PIBESSG1,,,0.0
2025-12-03T19:00:00+10:00,emissions,t,emissions_ROMA_7,ROMA_7,,,0.0
2025-12-03T19:00:00+10:00,emissions,t,emissions_ROMA_8,ROMA_8,,,0.0
2025-12-03T19:00:00+10:00,emissions,t,emissions_SNB01,SNB01,,,0.0
2025-12-03T19:00:00+10:00,emissions,t,emissions_SNBL01,SNBL01,,,0.0
2025-12-03T19:00:00+10:00,emissions,t,emissions_TBSF1,TBSF1,,,0.0
2025-12-03T19:00:00+10:00,emissions,t,emissions_VPGS1,VPGS1,,,0.0
2025-12-03T19:00:00+10:00,emissions,t,emissions_VPGS2,VPGS2,,,0.0
2025-12-03T19:00:00+10:00,emissions,t,emissions_VPGS3,VPGS3,,,0.0
2025-12-03T19:00:00+10:00,emissions,t,emissions_VPGS4,VPGS4,,,0.0
2025-12-03T19:00:00+10:00,emissions,t,emissions_VPGS5,VPGS5,,,0.0
2025-12-03T19:00:00+10:00,emissions,t,emissions_VPGS6,VPGS6,,,0.0
2025-12-03T19:00:00+10:00,emissions,t,emissions_WDBESS2,WDBESS2,,,0.0
2025-12-03T19:00:00+10:00,emissions,t,emissions_WDBESSG2,WDBESSG2,,,0.0
2025-12-03T19:00:00+10:00,emissions,t,emissions_YAMBUKWF,YAMBUKWF,,,0.0
2025-12-03T19:00:00+10:00,power,MW,power_BALB1,BALB1,,,38.02
2025-12-03T19:00:00+10:00,power,MW,power_BALBG1,BALBG1,,,38.02
2025-12-03T19:00:00+10:00,power,MW,power_BANN1,BANN1,,,37.48
2025-12-03T19:00:00+10:00,power,MW,power_BERYLSF1,BERYLSF1,,,0.0
2025-12-03T19:00:00+10:00,power,MW,power_BLYTHB1,BLYTHB1,,,4211.62
2025-12-03T19:00:00+10:00,power,MW,power_BLYTHB1G1,BLYTHB1G1,,,4211.62
2025-12-03T19:00:00+10:00,power,MW,power_BOLIVPS1,BOLIVPS1,,,0.0
2025-12-03T19:00:00+10:00,power,MW,power_CATHROCK,CATHROCK,,,132.2
2025-12-03T19:00:00+10:00,power,MW,power_CROWLWF1,CROWLWF1,,,935.9772
2025-12-03T19:00:00+10:00,power,MW,power_DRYCGT1,DRYCGT1,,,0.0
2025-12-03T19:00:00+10:00,power,MW,power_DRYCGT2,DRYCGT2,,,0.0
2025-12-03T19:00:00+10:00,power,MW,power_DRYCGT3,DRYCGT3,,,1059.3726
2025-12-03T19:00:00+10:00,power,MW,power_GLENSF1,GLENSF1,,,24.5
2025-12-03T19:00:00+10:00,power,MW,power_GORDON,GORDON,,,266.474
2025-12-03T19:00:00+10:00,power,MW,power_HALLWF2,HALLWF2,,,221.72
2025-12-03T19:00:00+10:00,power,MW,power_KABANWF1,KABANWF1,,,1790.628
2025-12-03T19:00:00+10:00,power,MW,power_MARYRSF1,MARYRSF1,,,0.0
2025-12-03T19:00:00+10:00,power,MW,power_MWPS1PV1,MWPS1PV1,,,4.42
2025-12-03T19:00:00+10:00,power,MW,power_MWPS2PV1,MWPS2PV1,,,3.84
2025-12-03T19:00:00+10:00,power,MW,power_MWPS3PV1,MWPS3PV1,,,2.12
2025-12-03T19:00:00+10:00,power,MW,power_MWPS4PV1,MWPS4PV1,,,3.3
2025-12-03T19:00:00+10:00,power,MW,power_RUBICON,RUBICON,,,40.14
2025-12-03T19:00:00+10:00,power,MW,power_STARHLWF,STARHLWF,,,77.7772
2025-12-03T19:00:00+10:00,power,MW,power_WOOLNTH1,WOOLNTH1,,,822.38
2025-12-03T19:00:00+10:00,emissions,t,emissions_BALB1,BALB1,,,0.0
2025-12-03T19:00:00+10:00,emissions,t,emissions_BALBG1,BALBG1,,,0.0
2025-12-03T19:00:00+10:00,emissions,t,emissions_BANN1,BANN1,,,0.0
2025-12-03T19:00:00+10:00,emissions,t,emissions_BERYLSF1,BERYLSF1,,,0.0
2025-12-03T19:00:00+10:00,emissions,t,emissions_BLYTHB1,BLYTHB1,,,0.0
2025-12-03T19:00:00+10:00,emissions,t,emissions_BLYTHB1G1,BLYTHB1G1,,,0.0
2025-12-03T19:00:00+10:00,emissions,t,emissions_BOLIVPS1,BOLIVPS1,,,0.0
2025-12-03T19:00:00+10:00,emissions,t,emissions_CATHROCK,CATHROCK,,,0.0
2025-12-03T19:00:00+10:00,emissions,t,emissions_CROWLWF1,CROWLWF1,,,0.0
2025-12-03T19:00:00+10:00,emissions,t,emissions_DRYCGT1,DRYCGT1,,,0.0
2025-12-03T19:00:00+10:00,emissions,t,emissions_DRYCGT2,DRYCGT2,,,0.0
2025-12-03T19:00:00+10:00,emissions,t,emissions_DRYCGT3,DRYCGT3,,,56.8886
2025-12-03T19:00:00+10:00,emissions,t,emissions_GLENSF1,GLENSF1,,,0.0
2025-12-03T19:00:00+10:00,emissions,t,emissions_GORDON,GORDON,,,0.0
2025-12-03T19:00:00+10:00,emissions,t,emissions_HALLWF2,HALLWF2,,,0.0
2025-12-03T19:00:00+10:00,emissions,t,emissions_KABANWF1,KABANWF1,,,0.0
2025-12-03T19:00:00+10:00,emissions,t,emissions_MARYRSF1,MARYRSF1,,,0.0
2025-12-03T19:00:00+10:00,emissions,t,emissions_MWPS1PV1,MWPS1PV1,,,0.0
2025-12-03T19:00:00+10:00,emissions,t,emissions_MWPS2PV1,MWPS2PV1,,,0.0
2025-12-03T19:00:00+10:00,emissions,t,emissions_MWPS3PV1,MWPS3PV1,,,0.0
2025-12-03T19:00:00+10:00,emissions,t,emissions_MWPS4PV1,MWPS4PV1,,,0.0
2025-12-03T19:00:00+10:00,emissions,t,emissions_RUBICON,RUBICON,,,0.0
2025-12-03T19:00:00+10:00,emissions,t,emissions_STARHLWF,STARHLWF,,,0.0
2025-12-03T19:00:00+10:00,emissions,t,emissions_WOOLNTH1,WOOLNTH1,,,0.0
2025-12-03T19:00:00+10:00,power,MW,power_ANGAST1,ANGAST1,,,0.0
2025-12-03T19:00:00+10:00,power,MW,power_CALL_B_1,CALL_B_1,,,7646.6
2025-12-03T19:00:00+10:00,power,MW,power_CALL_B_2,CALL_B_2,,,7164.0
2025-12-03T19:00:00+10:00,power,MW,power_CLERMSF1,CLERMSF1,,,0.0
2025-12-03T19:00:00+10:00,power,MW,power_CSPVPS1,CSPVPS1,,,0.0
2025-12-03T19:00:00+10:00,power,MW,power_DAYDSF1,DAYDSF1,,,0.0
2025-12-03T19:00:00+10:00,power,MW,power_BDL01,BDL01,,,0.0
2025-12-03T19:00:00+10:00,power,MW,power_BDL02,BDL02,,,0.0
2025-12-03T19:00:00+10:00,power,MW,power_ELAINWF1,ELAINWF1,,,411.92
2025-12-03T19:00:00+10:00,power,MW,power_FLYCRKWF,FLYCRKWF,,,0.0
2025-12-03T19:00:00+10:00,power,MW,power_GULLRSF1,GULLRSF1,,,0.0
2025-12-03T19:00:00+10:00,power,MW,power_GULLRWF1,GULLRWF1,,,381.9138
2025-12-03T19:00:00+10:00,power,MW,power_LIMOSF21,LIMOSF21,,,13.5516
2025-12-03T19:00:00+10:00,power,MW,power_LKBONNY2,LKBONNY2,,,1373.6648
2025-12-03T19:00:00+10:00,power,MW,power_MIDDLSF1,MIDDLSF1,,,0.0
2025-12-03T19:00:00+10:00,power,MW,power_MOKOSF1,MOKOSF1,,,7.0
2025-12-03T19:00:00+10:00,power,MW,power_PPCCGT,PPCCGT,,,485.4438
2025-12-03T19:00:00+10:00,power,MW,power_RANGEB1,RANGEB1,,,2607.9
2025-12-03T19:00:00+10:00,power,MW,power_RANGEB1G1,RANGEB1G1,,,2607.9
2025-12-03T19:00:00+10:00,power,MW,power_SHGEN,SHGEN,,,1911.5892
2025-12-03T19:00:00+10:00,power,MW,power_SHPUMP,SHPUMP,,,0.0
2025-12-03T19:00:00+10:00,power,MW,power_WARWSF1,WARWSF1,,,0.0
2025-12-03T19:00:00+10:00,power,MW,power_WARWSF2,WARWSF2,,,0.0
2025-12-03T19:00:00+10:00,power,MW,power_WAUBRAWF,WAUBRAWF,,,911.0568
2025-12-03T19:00:00+10:00,emissions,t,emissions_ANGAST1,ANGAST1,,,0.0
2025-12-03T19:00:00+10:00,emissions,t,emissions_CALL_B_1,CALL_B_1,,,611.6438
2025-12-03T19:00:00+10:00,emissions,t,emissions_CALL_B_2,CALL_B_2,,,571.5923
2025-12-03T19:00:00+10:00,emissions,t,emissions_CLERMSF1,CLERMSF1,,,0.0
2025-12-03T19:00:00+10:00,emissions,t,emissions_CSPVPS1,CSPVPS1,,,0.0
2025-12-03T19:00:00+10:00,emissions,t,emissions_DAYDSF1,DAYDSF1,,,0.0
2025-12-03T19:00:00+10:00,emissions,t,emissions_BDL01,BDL01,,,0.0
2025-12-03T19:00:00+10:00,emissions,t,emissions_BDL02,BDL02,,,0.0
2025-12-03T19:00:00+10:00,emissions,t,emissions_ELAINWF1,ELAINWF1,,,0.0
2025-12-03T19:00:00+10:00,emissions,t,emissions_FLYCRKWF,FLYCRKWF,,,0.0
2025-12-03T19:00:00+10:00,emissions,t,emissions_GULLRSF1,GULLRSF1,,,0.0
2025-12-03T19:00:00+10:00,emissions,t,emissions_GULLRWF1,GULLRWF1,,,0.0
2025-12-03T19:00:00+10:00,emissions,t,emissions_LIMOSF21,LIMOSF21,,,0.0
2025-12-03T19:00:00+10:00,emissions,t,emissions_LKBONNY2,LKBONNY2,,,0.0
2025-12-03T19:00:00+10:00,emissions,t,emissions_MIDDLSF1,MIDDLSF1,,,0.0
2025-12-03T19:00:00+10:00,emissions,t,emissions_MOKOSF1,MOKOSF1,,,0.0
2025-12-03T19:00:00+10:00,emissions,t,emissions_PPCCGT,PPCCGT,,,12.1906
2025-12-03T19:00:00+10:00,emissions,t,emissions_RANGEB1,RANGEB1,,,0.0
2025-12-03T19:00:00+10:00,emissions,t,emissions_RANGEB1G1,RANGEB1G1,,,0.0
2025-12-03T19:00:00+10:00,emissions,t,emissions_SHGEN,SHGEN,,,0.0
2025-12-03T19:00:00+10:00,emissions,t,emissions_SHPUMP,SHPUMP,,,0.0
2025-12-03T19:00:00+10:00,emissions,t,emissions_WARWSF1,WARWSF1,,,0.0
2025-12-03T19:00:00+10:00,emissions,t,emissions_WARWSF2,WARWSF2,,,0.0
2025-12-03T19:00:00+10:00,emissions,t,emissions_WAUBRAWF,WAUBRAWF,,,0.0
2025-12-03T19:00:00+10:00,power,MW,power_BUTLERSG,BUTLERSG,,,271.2
2025-12-03T19:00:00+10:00,power,MW,power_GSWF1A,GSWF1A,,,581.66
2025-12-03T19:00:00+10:00,power,MW,power_GSWF1B1,GSWF1B1,,,0.0
2025-12-03T19:00:00+10:00,power,MW,power_HDWF1,HDWF1,,,197.8
2025-12-03T19:00:00+10:00,power,MW,power_LRSF1,LRSF1,,,0.0
2025-12-03T19:00:00+10:00,power,MW,power_MURRAY,MURRAY,,,0.0
2025-12-03T19:00:00+10:00,power,MW,power_PIONEER,PIONEER,,,-12.0
2025-12-03T19:00:00+10:00,power,MW,power_QPS1,QPS1,,,0.0
2025-12-03T19:00:00+10:00,power,MW,power_QPS2,QPS2,,,0.0
2025-12-03T19:00:00+10:00,power,MW,power_QPS3,QPS3,,,0.0
2025-12-03T19:00:00+10:00,power,MW,power_QPS4,QPS4,,,0.0
2025-12-03T19:00:00+10:00,power,MW,power_QPS5,QPS5,,,0.0
2025-12-03T19:00:00+10:00,power,MW,power_SITHE01,SITHE01,,,0.0
2025-12-03T19:00:00+10:00,power,MW,power_GUTHEGA,GUTHEGA,,,810.2
2025-12-03T19:00:00+10:00,power,MW,power_PTSTAN1,PTSTAN1,,,0.0
2025-12-03T19:00:00+10:00,power,MW,power_SUNTPSF1,SUNTPSF1,,,0.0
2025-12-03T19:00:00+10:00,power,MW,power_TALWA1,TALWA1,,,0.0
2025-12-03T19:00:00+10:00,power,MW,power_TARRALEA,TARRALEA,,,1200.4
2025-12-03T19:00:00+10:00,power,MW,power_WELLSF1,WELLSF1,,,0.0
2025-12-03T19:00:00+10:00,power,MW,power_WGWF1,WGWF1,,,158.8
2025-12-03T19:00:00+10:00,power,MW,power_YARWUN_1,YARWUN_1,,,2398.52
2025-12-03T19:00:00+10:00,power,MW,power_YSWF1,YSWF1,,,54.2
2025-12-03T19:00:00+10:00,emissions,t,emissions_BUTLERSG,BUTLERSG,,,0.0
2025-12-03T19:00:00+10:00,emissions,t,emissions_GSWF1A,GSWF1A,,,0.0
2025-12-03T19:00:00+10:00,emissions,t,emissions_GSWF1B1,GSWF1B1,,,0.0
2025-12-03T19:00:00+10:00,emissions,t,emissions_HDWF1,HDWF1,,,0.0
2025-12-03T19:00:00+10:00,emissions,t,emissions_LRSF1,LRSF1,,,0.0
2025-12-03T19:00:00+10:00,emissions,t,emissions_MURRAY,MURRAY,,,0.0
2025-12-03T19:00:00+10:00,emissions,t,emissions_PIONEER,PIONEER,,,0.0
2025-12-03T19:00:00+10:00,emissions,t,emissions_QPS1,QPS1,,,0.0
2025-12-03T19:00:00+10:00,emissions,t,emissions_QPS2,QPS2,,,0.0
2025-12-03T19:00:00+10:00,emissions,t,emissions_QPS3,QPS3,,,0.0
2025-12-03T19:00:00+10:00,emissions,t,emissions_QPS4,QPS4,,,0.0
2025-12-03T19:00:00+10:00,emissions,t,emissions_QPS5,QPS5,,,0.0
2025-12-03T19:00:00+10:00,emissions,t,emissions_SITHE01,SITHE01,,,0.0
2025-12-03T19:00:00+10:00,emissions,t,emissions_GUTHEGA,GUTHEGA,,,0.0
2025-12-03T19:00:00+10:00,emissions,t,emissions_PTSTAN1,PTSTAN1,,,0.0
2025-12-03T19:00:00+10:00,emissions,t,emissions_SUNTPSF1,SUNTPSF1,,,0.0
2025-12-03T19:00:00+10:00,emissions,t,emissions_TALWA1,TALWA1,,,0.0
2025-12-03T19:00:00+10:00,emissions,t,emissions_TARRALEA,TARRALEA,,,0.0
2025-12-03T19:00:00+10:00,emissions,t,emissions_WELLSF1,WELLSF1,,,0.0
2025-12-03T19:00:00+10:00,emissions,t,emissions_WGWF1,WGWF1,,,0.0
2025-12-03T19:00:00+10:00,emissions,t,emissions_YARWUN_1,YARWUN_1,,,125.8855
2025-12-03T19:00:00+10:00,emissions,t,emissions_YSWF1,YSWF1,,,0.0
2025-12-03T19:00:00+10:00,power,MW,power_COOPGWF1,COOPGWF1,,,6808.84
2025-12-03T19:00:00+10:00,power,MW,power_DALNTH01,DALNTH01,,,25.1898
2025-12-03T19:00:00+10:00,power,MW,power_DALNTH1,DALNTH1,,,25.1898
2025-12-03T19:00:00+10:00,power,MW,power_HALLWF1,HALLWF1,,,92.52
2025-12-03T19:00:00+10:00,power,MW,power_KINGASF1,KINGASF1,,,0.0
2025-12-03T19:00:00+10:00,power,MW,power_LK_ECHO,LK_ECHO,,,0.0
2025-12-03T19:00:00+10:00,power,MW,power_MAPS2PV1,MAPS2PV1,,,4.64
2025-12-03T19:00:00+10:00,power,MW,power_MAPS3PV1,MAPS3PV1,,,6.34
2025-12-03T19:00:00+10:00,power,MW,power_MLWF1,MLWF1,,,145.29
2025-12-03T19:00:00+10:00,power,MW,power_MORTLK11,MORTLK11,,,0.0
2025-12-03T19:00:00+10:00,power,MW,power_MORTLK12,MORTLK12,,,0.0
2025-12-03T19:00:00+10:00,power,MW,power_NYNGAN1,NYNGAN1,,,0.0
2025-12-03T19:00:00+10:00,power,MW,power_PORTWF,PORTWF,,,2449.2
2025-12-03T19:00:00+10:00,power,MW,power_SNOWNTH1,SNOWNTH1,,,95.2
2025-12-03T19:00:00+10:00,power,MW,power_SWANBBF1,SWANBBF1,,,-8.892
2025-12-03T19:00:00+10:00,power,MW,power_SWANBBFL1,SWANBBFL1,,,8.892
2025-12-03T19:00:00+10:00,power,MW,power_WATERLWF,WATERLWF,,,194.6
2025-12-03T19:00:00+10:00,power,MW,power_WDBESS1,WDBESS1,,,4269.2016
2025-12-03T19:00:00+10:00,power,MW,power_WDBESSG1,WDBESSG1,,,4269.2016
2025-12-03T19:00:00+10:00,power,MW,power_WELNSF1,WELNSF1,,,0.0
2025-12-03T19:00:00+10:00,power,MW,power_WTAHB1,WTAHB1,,,810.7394
2025-12-03T19:00:00+10:00,power,MW,power_WTAHB1G1,WTAHB1G1,,,852.9962
2025-12-03T19:00:00+10:00,power,MW,power_WTAHB1L1,WTAHB1L1,,,42.2568
2025-12-03T19:00:00+10:00,emissions,t,emissions_COOPGWF1,COOPGWF1,,,0.0
2025-12-03T19:00:00+10:00,emissions,t,emissions_DALNTH01,DALNTH01,,,0.0
2025-12-03T19:00:00+10:00,emissions,t,emissions_DALNTH1,DALNTH1,,,0.0
2025-12-03T19:00:00+10:00,emissions,t,emissions_HALLWF1,HALLWF1,,,0.0
2025-12-03T19:00:00+10:00,emissions,t,emissions_KINGASF1,KINGASF1,,,0.0
2025-12-03T19:00:00+10:00,emissions,t,emissions_LK_ECHO,LK_ECHO,,,0.0
2025-12-03T19:00:00+10:00,emissions,t,emissions_MAPS2PV1,MAPS2PV1,,,0.0
2025-12-03T19:00:00+10:00,emissions,t,emissions_MAPS3PV1,MAPS3PV1,,,0.0
2025-12-03T19:00:00+10:00,emissions,t,emissions_MLWF1,MLWF1,,,0.0
2025-12-03T19:00:00+10:00,emissions,t,emissions_MORTLK11,MORTLK11,,,0.0
2025-12-03T19:00:00+10:00,emissions,t,emissions_MORTLK12,MORTLK12,,,0.0
2025-12-03T19:00:00+10:00,emissions,t,emissions_NYNGAN1,NYNGAN1,,,0.0
2025-12-03T19:00:00+10:00,emissions,t,emissions_PORTWF,PORTWF,,,0.0
2025-12-03T19:00:00+10:00,emissions,t,emissions_SNOWNTH1,SNOWNTH1,,,0.0
2025-12-03T19:00:00+10:00,emissions,t,emissions_SWANBBF1,SWANBBF1,,,0.0
2025-12-03T19:00:00+10:00,emissions,t,emissions_SWANBBFL1,SWANBBFL1,,,0.0
2025-12-03T19:00:00+10:00,emissions,t,emissions_WATERLWF,WATERLWF,,,0.0
2025-12-03T19:00:00+10:00,emissions,t,emissions_WDBESS1,WDBESS1,,,0.0
2025-12-03T19:00:00+10:00,emissions,t,emissions_WDBESSG1,WDBESSG1,,,0.0
2025-12-03T19:00:00+10:00,emissions,t,emissions_WELNSF1,WELNSF1,,,0.0
2025-12-03T19:00:00+10:00,emissions,t,emissions_WTAHB1,WTAHB1,,,0.0
2025-12-03T19:00:00+10:00,emissions,t,emissions_WTAHB1G1,WTAHB1G1,,,0.0
2025-12-03T19:00:00+10:00,emissions,t,emissions_WTAHB1L1,WTAHB1L1,,,0.0
2025-12-03T19:00:00+10:00,power,MW,power_BALDHWF1,BALDHWF1,,,57.6
2025-12-03T19:00:00+10:00,power,MW,power_BNGSF2,BNGSF2,,,0.0
2025-12-03T19:00:00+10:00,power,MW,power_BOCORWF1,BOCORWF1,,,1016.42
2025-12-03T19:00:00+10:00,power,MW,power_BWTR1,BWTR1,,,-86.197
2025-12-03T19:00:00+10:00,power,MW,power_GOONSF1,GOONSF1,,,0.0
2025-12-03T19:00:00+10:00,power,MW,power_KARSF1,KARSF1,,,55.4
2025-12-03T19:00:00+10:00,power,MW,power_LIMOSF11,LIMOSF11,,,119.0384
2025-12-03T19:00:00+10:00,power,MW,power_MREHA3,MREHA3,,,4746.6154
2025-12-03T19:00:00+10:00,power,MW,power_MREHAG3,MREHAG3,,,4746.6154
2025-12-03T19:00:00+10:00,power,MW,power_MRTLSWF1,MRTLSWF1,,,1972.92
2025-12-03T19:00:00+10:00,power,MW,power_MUSSELR1,MUSSELR1,,,2112.6
2025-12-03T19:00:00+10:00,power,MW,power_SNOWYP,SNOWYP,,,0.0
2025-12-03T19:00:00+10:00,power,MW,power_TUMUT3,TUMUT3,,,11917.82
2025-12-03T19:00:00+10:00,power,MW,power_WOODLWN1,WOODLWN1,,,669.2272
2025-12-03T19:00:00+10:00,power,MW,power_YENDWF1,YENDWF1,,,1176.42
2025-12-03T19:00:00+10:00,emissions,t,emissions_BALDHWF1,BALDHWF1,,,0.0
2025-12-03T19:00:00+10:00,emissions,t,emissions_BNGSF2,BNGSF2,,,0.0
2025-12-03T19:00:00+10:00,emissions,t,emissions_BOCORWF1,BOCORWF1,,,0.0
2025-12-03T19:00:00+10:00,emissions,t,emissions_BWTR1,BWTR1,,,0.0
2025-12-03T19:00:00+10:00,emissions,t,emissions_GOONSF1,GOONSF1,,,0.0
2025-12-03T19:00:00+10:00,emissions,t,emissions_KARSF1,KARSF1,,,0.0
2025-12-03T19:00:00+10:00,emissions,t,emissions_LIMOSF11,LIMOSF11,,,0.0
2025-12-03T19:00:00+10:00,emissions,t,emissions_MREHA3,MREHA3,,,0.0
2025-12-03T19:00:00+10:00,emissions,t,emissions_MREHAG3,MREHAG3,,,0.0
2025-12-03T19:00:00+10:00,emissions,t,emissions_MRTLSWF1,MRTLSWF1,,,0.0
2025-12-03T19:00:00+10:00,emissions,t,emissions_MUSSELR1,MUSSELR1,,,0.0
2025-12-03T19:00:00+10:00,emissions,t,emissions_SNOWYP,SNOWYP,,,0.0
2025-12-03T19:00:00+10:00,emissions,t,emissions_TUMUT3,TUMUT3,,,0.0
2025-12-03T19:00:00+10:00,emissions,t,emissions_WOODLWN1,WOODLWN1,,,0.0
2025-12-03T19:00:00+10:00,emissions,t,emissions_YENDWF1,YENDWF1,,,0.0
2025-12-03T19:00:00+10:00,power,MW,power_MREHA1,MREHA1,,,4387.9012
2025-12-03T19:00:00+10:00,power,MW,power_MREHAG1,MREHAG1,,,4387.9012
2025-12-03T19:00:00+10:00,power,MW,power_CRWASF1,CRWASF1,,,5.4496
2025-12-03T19:00:00+10:00,power,MW,power_CTHLWF1,CTHLWF1,,,3312.2818
2025-12-03T19:00:00+10:00,power,MW,power_DDSF1,DDSF1,,,0.0
2025-12-03T19:00:00+10:00,power,MW,power_DIAPURWF1,DIAPURWF1,,,49.0
2025-12-03T19:00:00+10:00,power,MW,power_DUNDWF1,DUNDWF1,,,1723.0
2025-12-03T19:00:00+10:00,power,MW,power_DUNDWF2,DUNDWF2,,,348.88
2025-12-03T19:00:00+10:00,power,MW,power_DUNDWF3,DUNDWF3,,,1813.86
2025-12-03T19:00:00+10:00,power,MW,power_GUNNING1,GUNNING1,,,215.7336
2025-12-03T19:00:00+10:00,power,MW,power_HILLSTN1,HILLSTN1,,,22.9924
2025-12-03T19:00:00+10:00,power,MW,power_KPP_1,KPP_1,,,17295.335
2025-12-03T19:00:00+10:00,power,MW,power_LADBROK1,LADBROK1,,,697.26
2025-12-03T19:00:00+10:00,power,MW,power_LADBROK2,LADBROK2,,,965.32
2025-12-03T19:00:00+10:00,power,MW,power_MUCRKSF1,MUCRKSF1,,,0.0
2025-12-03T19:00:00+10:00,power,MW,power_TARONG#1,TARONG#1,,,0.0
2025-12-03T19:00:00+10:00,power,MW,power_TARONG#2,TARONG#2,,,7827.6
2025-12-03T19:00:00+10:00,power,MW,power_TARONG#3,TARONG#3,,,6140.6
2025-12-03T19:00:00+10:00,power,MW,power_TARONG#4,TARONG#4,,,7834.0
2025-12-03T19:00:00+10:00,power,MW,power_URANQ11,URANQ11,,,0.0
2025-12-03T19:00:00+10:00,power,MW,power_URANQ12,URANQ12,,,0.0
2025-12-03T19:00:00+10:00,power,MW,power_URANQ13,URANQ13,,,0.0
2025-12-03T19:00:00+10:00,power,MW,power_URANQ14,URANQ14,,,0.0
2025-12-03T19:00:00+10:00,power,MW,power_WEMENSF1,WEMENSF1,,,60.2
2025-12-03T19:00:00+10:00,emissions,t,emissions_MREHA1,MREHA1,,,0.0
2025-12-03T19:00:00+10:00,emissions,t,emissions_MREHAG1,MREHAG1,,,0.0
2025-12-03T19:00:00+10:00,emissions,t,emissions_CRWASF1,CRWASF1,,,0.0
2025-12-03T19:00:00+10:00,emissions,t,emissions_CTHLWF1,CTHLWF1,,,0.0
2025-12-03T19:00:00+10:00,emissions,t,emissions_DDSF1,DDSF1,,,0.0
2025-12-03T19:00:00+10:00,emissions,t,emissions_DIAPURWF1,DIAPURWF1,,,0.0
2025-12-03T19:00:00+10:00,emissions,t,emissions_DUNDWF1,DUNDWF1,,,0.0
2025-12-03T19:00:00+10:00,emissions,t,emissions_DUNDWF2,DUNDWF2,,,0.0
2025-12-03T19:00:00+10:00,emissions,t,emissions_DUNDWF3,DUNDWF3,,,0.0
2025-12-03T19:00:00+10:00,emissions,t,emissions_GUNNING1,GUNNING1,,,0.0
2025-12-03T19:00:00+10:00,emissions,t,emissions_HILLSTN1,HILLSTN1,,,0.0
2025-12-03T19:00:00+10:00,emissions,t,emissions_KPP_1,KPP_1,,,1217.4647
2025-12-03T19:00:00+10:00,emissions,t,emissions_LADBROK1,LADBROK1,,,22.1316
2025-12-03T19:00:00+10:00,emissions,t,emissions_LADBROK2,LADBROK2,,,30.6396
2025-12-03T19:00:00+10:00,emissions,t,emissions_MUCRKSF1,MUCRKSF1,,,0.0
2025-12-03T19:00:00+10:00,emissions,t,emissions_TARONG#1,TARONG#1,,,0.0
2025-12-03T19:00:00+10:00,emissions,t,emissions_TARONG#2,TARONG#2,,,578.0064
2025-12-03T19:00:00+10:00,emissions,t,emissions_TARONG#3,TARONG#3,,,450.9852
2025-12-03T19:00:00+10:00,emissions,t,emissions_TARONG#4,TARONG#4,,,578.9342
2025-12-03T19:00:00+10:00,emissions,t,emissions_URANQ11,URANQ11,,,0.0
2025-12-03T19:00:00+10:00,emissions,t,emissions_URANQ12,URANQ12,,,0.0
2025-12-03T19:00:00+10:00,emissions,t,emissions_URANQ13,URANQ13,,,0.0
2025-12-03T19:00:00+10:00,emissions,t,emissions_URANQ14,URANQ14,,,0.0
2025-12-03T19:00:00+10:00,emissions,t,emissions_WEMENSF1,WEMENSF1,,,0.0
2025-12-03T19:00:00+10:00,power,MW,power_ALDGASF1,ALDGASF1,,,0.0
2025-12-03T19:00:00+10:00,power,MW,power_GB01,GB01,,,0.0
2025-12-03T19:00:00+10:00,power,MW,power_DEVILS_G,DEVILS_G,,,1478.2488
2025-12-03T19:00:00+10:00,power,MW,power_GREENB1,GREENB1,,,-7.3186
2025-12-03T19:00:00+10:00,power,MW,power_GREENB1L1,GREENB1L1,,,7.3186
2025-12-03T19:00:00+10:00,power,MW,power_GRIFSF1,GRIFSF1,,,2.4168
2025-12-03T19:00:00+10:00,power,MW,power_HAMISF1,HAMISF1,,,0.0
2025-12-03T19:00:00+10:00,power,MW,power_KIATAWF1,KIATAWF1,,,216.0
2025-12-03T19:00:00+10:00,power,MW,power_METZSF1,METZSF1,,,0.0
2025-12-03T19:00:00+10:00,power,MW,power_REECE1,REECE1,,,2817.0408
2025-12-03T19:00:00+10:00,power,MW,power_REECE2,REECE2,,,0.0
2025-12-03T19:00:00+10:00,power,MW,power_SEBSF1,SEBSF1,,,2.851
2025-12-03T19:00:00+10:00,power,MW,power_SNAPPER1,SNAPPER1,,,0.0
2025-12-03T19:00:00+10:00,power,MW,power_SNUG1,SNUG1,,,0.0
2025-12-03T19:00:00+10:00,power,MW,power_STUBSF1,STUBSF1,,,0.1104
2025-12-03T19:00:00+10:00,power,MW,power_STUBSF2,STUBSF2,,,0.1104
2025-12-03T19:00:00+10:00,power,MW,power_TNPS1,TNPS1,,,9910.875
2025-12-03T19:00:00+10:00,emissions,t,emissions_ALDGASF1,ALDGASF1,,,0.0
2025-12-03T19:00:00+10:00,emissions,t,emissions_GB01,GB01,,,0.0
2025-12-03T19:00:00+10:00,emissions,t,emissions_DEVILS_G,DEVILS_G,,,0.0
2025-12-03T19:00:00+10:00,emissions,t,emissions_GREENB1,GREENB1,,,0.0
2025-12-03T19:00:00+10:00,emissions,t,emissions_GREENB1L1,GREENB1L1,,,0.0
2025-12-03T19:00:00+10:00,emissions,t,emissions_GRIFSF1,GRIFSF1,,,0.0
2025-12-03T19:00:00+10:00,emissions,t,emissions_HAMISF1,HAMISF1,,,0.0
2025-12-03T19:00:00+10:00,emissions,t,emissions_KIATAWF1,KIATAWF1,,,0.0
2025-12-03T19:00:00+10:00,emissions,t,emissions_METZSF1,METZSF1,,,0.0
2025-12-03T19:00:00+10:00,emissions,t,emissions_REECE1,REECE1,,,0.0
2025-12-03T19:00:00+10:00,emissions,t,emissions_REECE2,REECE2,,,0.0
2025-12-03T19:00:00+10:00,emissions,t,emissions_SEBSF1,SEBSF1,,,0.0
2025-12-03T19:00:00+10:00,emissions,t,emissions_SNAPPER1,SNAPPER1,,,0.0
2025-12-03T19:00:00+10:00,emissions,t,emissions_SNUG1,SNUG1,,,0.0
2025-12-03T19:00:00+10:00,emissions,t,emissions_STUBSF1,STUBSF1,,,0.0
2025-12-03T19:00:00+10:00,emissions,t,emissions_STUBSF2,STUBSF2,,,0.0
2025-12-03T19:00:00+10:00,emissions,t,emissions_TNPS1,TNPS1,,,694.2035
2025-12-03T19:00:00+10:00,power,MW,power_GULLRWF2,GULLRWF2,,,123.9338
2025-12-03T19:00:00+10:00,power,MW,power_BULBES1,BULBES1,,,104.62
2025-12-03T19:00:00+10:00,power,MW,power_BULBESG1,BULBESG1,,,106.06
2025-12-03T19:00:00+10:00,power,MW,power_BULBESL1,BULBESL1,,,1.44
2025-12-03T19:00:00+10:00,power,MW,power_BULGANA1,BULGANA1,,,1538.94
2025-12-03T19:00:00+10:00,power,MW,power_GPWFEST1,GPWFEST1,,,2332.66
2025-12-03T19:00:00+10:00,power,MW,power_GPWFEST2,GPWFEST2,,,2260.6
2025-12-03T19:00:00+10:00,power,MW,power_GPWFEST3,GPWFEST3,,,3158.3
2025-12-03T19:00:00+10:00,power,MW,power_HVWWBA1,HVWWBA1,,,48.912
2025-12-03T19:00:00+10:00,power,MW,power_HVWWBA1G,HVWWBA1G,,,49.06
2025-12-03T19:00:00+10:00,power,MW,power_HVWWBA1L,HVWWBA1L,,,0.148
2025-12-03T19:00:00+10:00,power,MW,power_HVWWPV1,HVWWPV1,,,5.046
2025-12-03T19:00:00+10:00,power,MW,power_MACARTH1,MACARTH1,,,2871.8
2025-12-03T19:00:00+10:00,power,MW,power_MACKNTSH,MACKNTSH,,,0.0
2025-12-03T19:00:00+10:00,power,MW,power_MEWF1,MEWF1,,,3468.4104
2025-12-03T19:00:00+10:00,power,MW,power_MOLNGSF1,MOLNGSF1,,,0.0
2025-12-03T19:00:00+10:00,power,MW,power_MERCER01,MERCER01,,,516.6
2025-12-03T19:00:00+10:00,power,MW,power_NEVERSF1,NEVERSF1,,,1.06
2025-12-03T19:00:00+10:00,power,MW,power_OAKEY1SF,OAKEY1SF,,,0.0
2025-12-03T19:00:00+10:00,power,MW,power_OSB-AG,OSB-AG,,,0.0
2025-12-03T19:00:00+10:00,power,MW,power_PALOONA,PALOONA,,,249.68
2025-12-03T19:00:00+10:00,power,MW,power_PAREPS1,PAREPS1,,,25.06
2025-12-03T19:00:00+10:00,power,MW,power_PAREPW1,PAREPW1,,,1322.2
2025-12-03T19:00:00+10:00,power,MW,power_SMCSF1,SMCSF1,,,0.0
2025-12-03T19:00:00+10:00,power,MW,power_TB2B1,TB2B1,,,235.818
2025-12-03T19:00:00+10:00,power,MW,power_TB2BG1,TB2BG1,,,1.4032
2025-12-03T19:00:00+10:00,power,MW,power_TB2BL1,TB2BL1,,,237.2212
2025-12-03T19:00:00+10:00,power,MW,power_TB2SF1,TB2SF1,,,58.183
2025-12-03T19:00:00+10:00,power,MW,power_WOOLGSF1,WOOLGSF1,,,0.0
2025-12-03T19:00:00+10:00,power,MW,power_WPWF,WPWF,,,142.42
2025-12-03T19:00:00+10:00,emissions,t,emissions_GULLRWF2,GULLRWF2,,,0.0
2025-12-03T19:00:00+10:00,emissions,t,emissions_BULBES1,BULBES1,,,0.0
2025-12-03T19:00:00+10:00,emissions,t,emissions_BULBESG1,BULBESG1,,,0.0
2025-12-03T19:00:00+10:00,emissions,t,emissions_BULBESL1,BULBESL1,,,0.0
2025-12-03T19:00:00+10:00,emissions,t,emissions_BULGANA1,BULGANA1,,,0.0
2025-12-03T19:00:00+10:00,emissions,t,emissions_GPWFEST1,GPWFEST1,,,0.0
2025-12-03T19:00:00+10:00,emissions,t,emissions_GPWFEST2,GPWFEST2,,,0.0
2025-12-03T19:00:00+10:00,emissions,t,emissions_GPWFEST3,GPWFEST3,,,0.0
2025-12-03T19:00:00+10:00,emissions,t,emissions_HVWWBA1,HVWWBA1,,,0.0
2025-12-03T19:00:00+10:00,emissions,t,emissions_HVWWBA1G,HVWWBA1G,,,0.0
2025-12-03T19:00:00+10:00,emissions,t,emissions_HVWWBA1L,HVWWBA1L,,,0.0
2025-12-03T19:00:00+10:00,emissions,t,emissions_HVWWPV1,HVWWPV1,,,0.0
2025-12-03T19:00:00+10:00,emissions,t,emissions_MACARTH1,MACARTH1,,,0.0
2025-12-03T19:00:00+10:00,emissions,t,emissions_MACKNTSH,MACKNTSH,,,0.0
2025-12-03T19:00:00+10:00,emissions,t,emissions_MEWF1,MEWF1,,,0.0
2025-12-03T19:00:00+10:00,emissions,t,emissions_MOLNGSF1,MOLNGSF1,,,0.0
2025-12-03T19:00:00+10:00,emissions,t,emissions_MERCER01,MERCER01,,,0.0
2025-12-03T19:00:00+10:00,emissions,t,emissions_NEVERSF1,NEVERSF1,,,0.0
2025-12-03T19:00:00+10:00,emissions,t,emissions_OAKEY1SF,OAKEY1SF,,,0.0
2025-12-03T19:00:00+10:00,emissions,t,emissions_OSB-AG,OSB-AG,,,0.0
2025-12-03T19:00:00+10:00,emissions,t,emissions_PALOONA,PALOONA,,,0.0
2025-12-03T19:00:00+10:00,emissions,t,emissions_PAREPS1,PAREPS1,,,0.0
2025-12-03T19:00:00+10:00,emissions,t,emissions_PAREPW1,PAREPW1,,,0.0
2025-12-03T19:00:00+10:00,emissions,t,emissions_SMCSF1,SMCSF1,,,0.0
2025-12-03T19:00:00+10:00,emissions,t,emissions_TB2B1,TB2B1,,,0.0
2025-12-03T19:00:00+10:00,emissions,t,emissions_TB2BG1,TB2BG1,,,0.0
2025-12-03T19:00:00+10:00,emissions,t,emissions_TB2BL1,TB2BL1,,,0.0
2025-12-03T19:00:00+10:00,emissions,t,emissions_TB2SF1,TB2SF1,,,0.0
2025-12-03T19:00:00+10:00,emissions,t,emissions_WOOLGSF1,WOOLGSF1,,,0.0
2025-12-03T19:00:00+10:00,emissions,t,emissions_WPWF,WPWF,,,0.0
2025-12-03T19:00:00+10:00,power,MW,power_AVLSF1,AVLSF1,,,9.5848
2025-12-03T19:00:00+10:00,power,MW,power_COLUMSF1,COLUMSF1,,,0.0
2025-12-03T19:00:00+10:00,power,MW,power_EILDON1,EILDON1,,,1130.32
2025-12-03T19:00:00+10:00,power,MW,power_EILDON2,EILDON2,,,1109.12
2025-12-03T19:00:00+10:00,power,MW,power_EMERASF1,EMERASF1,,,0.0
2025-12-03T19:00:00+10:00,power,MW,power_GANNB1,GANNB1,,,21.1198
2025-12-03T19:00:00+10:00,power,MW,power_GANNBG1,GANNBG1,,,28.135
2025-12-03T19:00:00+10:00,power,MW,power_GANNBL1,GANNBL1,,,7.0152
2025-12-03T19:00:00+10:00,power,MW,power_KERNGSP1,KERNGSP1,,,10.34
2025-12-03T19:00:00+10:00,power,MW,power_LEM_WIL,LEM_WIL,,,752.2274
2025-12-03T19:00:00+10:00,power,MW,power_LI_WY_CA,LI_WY_CA,,,2199.9256
2025-12-03T19:00:00+10:00,power,MW,power_MCKAY1,MCKAY1,,,6953.93
2025-12-03T19:00:00+10:00,power,MW,power_MINTARO,MINTARO,,,1750.9758
2025-12-03T19:00:00+10:00,power,MW,power_MTMILLAR,MTMILLAR,,,282.4
2025-12-03T19:00:00+10:00,power,MW,power_REPULSE,REPULSE,,,148.1932
2025-12-03T19:00:00+10:00,power,MW,power_SNOWTWN1,SNOWTWN1,,,54.794
2025-12-03T19:00:00+10:00,power,MW,power_STOCKYD1,STOCKYD1,,,5651.6
2025-12-03T19:00:00+10:00,power,MW,power_TALWB1,TALWB1,,,0.0
2025-12-03T19:00:00+10:00,power,MW,power_TREVALLN,TREVALLN,,,1199.4284
2025-12-03T19:00:00+10:00,power,MW,power_WKIEWA1,WKIEWA1,,,334.4
2025-12-03T19:00:00+10:00,power,MW,power_WKIEWA2,WKIEWA2,,,668.4
2025-12-03T19:00:00+10:00,power,MW,power_WNSF1,WNSF1,,,3.8
2025-12-03T19:00:00+10:00,emissions,t,emissions_AVLSF1,AVLSF1,,,0.0
2025-12-03T19:00:00+10:00,emissions,t,emissions_COLUMSF1,COLUMSF1,,,0.0
2025-12-03T19:00:00+10:00,emissions,t,emissions_EILDON1,EILDON1,,,0.0
2025-12-03T19:00:00+10:00,emissions,t,emissions_EILDON2,EILDON2,,,0.0
2025-12-03T19:00:00+10:00,emissions,t,emissions_EMERASF1,EMERASF1,,,0.0
2025-12-03T19:00:00+10:00,emissions,t,emissions_GANNB1,GANNB1,,,0.0
2025-12-03T19:00:00+10:00,emissions,t,emissions_GANNBG1,GANNBG1,,,0.0
2025-12-03T19:00:00+10:00,emissions,t,emissions_GANNBL1,GANNBL1,,,0.0
2025-12-03T19:00:00+10:00,emissions,t,emissions_KERNGSP1,KERNGSP1,,,0.0
2025-12-03T19:00:00+10:00,emissions,t,emissions_LEM_WIL,LEM_WIL,,,0.0
2025-12-03T19:00:00+10:00,emissions,t,emissions_LI_WY_CA,LI_WY_CA,,,0.0
2025-12-03T19:00:00+10:00,emissions,t,emissions_MCKAY1,MCKAY1,,,0.0
2025-12-03T19:00:00+10:00,emissions,t,emissions_MINTARO,MINTARO,,,94.0312
2025-12-03T19:00:00+10:00,emissions,t,emissions_MTMILLAR,MTMILLAR,,,0.0
2025-12-03T19:00:00+10:00,emissions,t,emissions_REPULSE,REPULSE,,,0.0
2025-12-03T19:00:00+10:00,emissions,t,emissions_SNOWTWN1,SNOWTWN1,,,0.0
2025-12-03T19:00:00+10:00,emissions,t,emissions_STOCKYD1,STOCKYD1,,,0.0
2025-12-03T19:00:00+10:00,emissions,t,emissions_TALWB1,TALWB1,,,0.0
2025-12-03T19:00:00+10:00,emissions,t,emissions_TREVALLN,TREVALLN,,,0.0
2025-12-03T19:00:00+10:00,emissions,t,emissions_WKIEWA1,WKIEWA1,,,0.0
2025-12-03T19:00:00+10:00,emissions,t,emissions_WKIEWA2,WKIEWA2,,,0.0
2025-12-03T19:00:00+10:00,emissions,t,emissions_WNSF1,WNSF1,,,0.0
2025-12-03T19:00:00+10:00,power,MW,power_BARCALDN,BARCALDN,,,0.0
2025-12-03T19:00:00+10:00,power,MW,power_BOMENSF1,BOMENSF1,,,2.71
2025-12-03T19:00:00+10:00,power,MW,power_CLARESF1,CLARESF1,,,0.0
2025-12-03T19:00:00+10:00,power,MW,power_CLRKCWF1,CLRKCWF1,,,5575.064
2025-12-03T19:00:00+10:00,power,MW,power_CLRKCWF2,CLRKCWF2,,,1420.976
2025-12-03T19:00:00+10:00,power,MW,power_CPSA,CPSA,,,0.0
2025-12-03T19:00:00+10:00,power,MW,power_CUSF1,CUSF1,,,25.8918
2025-12-03T19:00:00+10:00,power,MW,power_DARLSF1,DARLSF1,,,0.0
2025-12-03T19:00:00+10:00,power,MW,power_GESF1,GESF1,,,0.0
2025-12-03T19:00:00+10:00,power,MW,power_GIRGSF,GIRGSF,,,35.34
2025-12-03T19:00:00+10:00,power,MW,power_GRANWF1,GRANWF1,,,1186.28
2025-12-03T19:00:00+10:00,power,MW,power_KSP1,KSP1,,,0.0
2025-12-03T19:00:00+10:00,power,MW,power_LKBONNY3,LKBONNY3,,,370.2118
2025-12-03T19:00:00+10:00,power,MW,power_LNGS1,LNGS1,,,3829.7658
2025-12-03T19:00:00+10:00,power,MW,power_LNGS2,LNGS2,,,0.0
2025-12-03T19:00:00+10:00,power,MW,power_LVES1,LVES1,,,1714.86
2025-12-03T19:00:00+10:00,power,MW,power_LVESG1,LVESG1,,,1714.86
2025-12-03T19:00:00+10:00,power,MW,power_MANNUMB1,MANNUMB1,,,1334.34
2025-12-03T19:00:00+10:00,power,MW,power_MANNUMBG1,MANNUMBG1,,,1334.34
2025-12-03T19:00:00+10:00,power,MW,power_SALTCRK1,SALTCRK1,,,420.88
2025-12-03T19:00:00+10:00,power,MW,power_SHOAL1,SHOAL1,,,589.46
2025-12-03T19:00:00+10:00,emissions,t,emissions_BARCALDN,BARCALDN,,,0.0
2025-12-03T19:00:00+10:00,emissions,t,emissions_BOMENSF1,BOMENSF1,,,0.0
2025-12-03T19:00:00+10:00,emissions,t,emissions_CLARESF1,CLARESF1,,,0.0
2025-12-03T19:00:00+10:00,emissions,t,emissions_CLRKCWF1,CLRKCWF1,,,0.0
2025-12-03T19:00:00+10:00,emissions,t,emissions_CLRKCWF2,CLRKCWF2,,,0.0
2025-12-03T19:00:00+10:00,emissions,t,emissions_CPSA,CPSA,,,0.0
2025-12-03T19:00:00+10:00,emissions,t,emissions_CUSF1,CUSF1,,,0.0
2025-12-03T19:00:00+10:00,emissions,t,emissions_DARLSF1,DARLSF1,,,0.0
2025-12-03T19:00:00+10:00,emissions,t,emissions_GESF1,GESF1,,,0.0
2025-12-03T19:00:00+10:00,emissions,t,emissions_GIRGSF,GIRGSF,,,0.0
2025-12-03T19:00:00+10:00,emissions,t,emissions_GRANWF1,GRANWF1,,,0.0
2025-12-03T19:00:00+10:00,emissions,t,emissions_KSP1,KSP1,,,0.0
2025-12-03T19:00:00+10:00,emissions,t,emissions_LKBONNY3,LKBONNY3,,,0.0
2025-12-03T19:00:00+10:00,emissions,t,emissions_LNGS1,LNGS1,,,210.0817
2025-12-03T19:00:00+10:00,emissions,t,emissions_LNGS2,LNGS2,,,0.0
2025-12-03T19:00:00+10:00,emissions,t,emissions_LVES1,LVES1,,,0.0
2025-12-03T19:00:00+10:00,emissions,t,emissions_LVESG1,LVESG1,,,0.0
2025-12-03T19:00:00+10:00,emissions,t,emissions_MANNUMB1,MANNUMB1,,,0.0
2025-12-03T19:00:00+10:00,emissions,t,emissions_MANNUMBG1,MANNUMBG1,,,0.0
2025-12-03T19:00:00+10:00,emissions,t,emissions_SALTCRK1,SALTCRK1,,,0.0
2025-12-03T19:00:00+10:00,emissions,t,emissions_SHOAL1,SHOAL1,,,29.5805
2025-12-03T19:00:00+10:00,power,MW,power_BBATTERY,BBATTERY,,,928.3598
2025-12-03T19:00:00+10:00,power,MW,power_BBATTERY1,BBATTERY1,,,928.3598
2025-12-03T19:00:00+10:00,power,MW,power_BLUFF1,BLUFF1,,,77.8
2025-12-03T19:00:00+10:00,power,MW,power_CHILDSF1,CHILDSF1,,,0.0
2025-12-03T19:00:00+10:00,power,MW,power_GANGARR1,GANGARR1,,,0.0
2025-12-03T19:00:00+10:00,power,MW,power_GOESF1,GOESF1,,,0.0
2025-12-03T19:00:00+10:00,power,MW,power_HPR1,HPR1,,,1584.2
2025-12-03T19:00:00+10:00,power,MW,power_HPRG1,HPRG1,,,1584.2
2025-12-03T19:00:00+10:00,power,MW,power_HUNTER1,HUNTER1,,,0.0
2025-12-03T19:00:00+10:00,power,MW,power_HUNTER2,HUNTER2,,,0.0
2025-12-03T19:00:00+10:00,power,MW,power_LYA1,LYA1,,,13314.0
2025-12-03T19:00:00+10:00,power,MW,power_LYA2,LYA2,,,0.0
2025-12-03T19:00:00+10:00,power,MW,power_LYA3,LYA3,,,13316.0
2025-12-03T19:00:00+10:00,power,MW,power_LYA4,LYA4,,,13306.0
2025-12-03T19:00:00+10:00,power,MW,power_MBPS2PV1,MBPS2PV1,,,5.12
2025-12-03T19:00:00+10:00,power,MW,power_MPP_1,MPP_1,,,10390.821
2025-12-03T19:00:00+10:00,power,MW,power_MPP_2,MPP_2,,,0.0
2025-12-03T19:00:00+10:00,power,MW,power_MOUSF1,MOUSF1,,,0.0
2025-12-03T19:00:00+10:00,power,MW,power_RPCG,RPCG,,,271.2
2025-12-03T19:00:00+10:00,power,MW,power_RUGBYR1,RUGBYR1,,,0.0
2025-12-03T19:00:00+10:00,power,MW,power_RYANCWF1,RYANCWF1,,,2676.62
2025-12-03T19:00:00+10:00,power,MW,power_WINTSF1,WINTSF1,,,15.04
2025-12-03T19:00:00+10:00,power,MW,power_WRWF1,WRWF1,,,0.0
2025-12-03T19:00:00+10:00,power,MW,power_WSTWYSF1,WSTWYSF1,,,4.0472
2025-12-03T19:00:00+10:00,power,MW,power_YARANSF1,YARANSF1,,,0.0
2025-12-03T19:00:00+10:00,emissions,t,emissions_BBATTERY,BBATTERY,,,0.0
2025-12-03T19:00:00+10:00,emissions,t,emissions_BBATTERY1,BBATTERY1,,,0.0
2025-12-03T19:00:00+10:00,emissions,t,emissions_BLUFF1,BLUFF1,,,0.0
2025-12-03T19:00:00+10:00,emissions,t,emissions_CHILDSF1,CHILDSF1,,,0.0
2025-12-03T19:00:00+10:00,emissions,t,emissions_GANGARR1,GANGARR1,,,0.0
2025-12-03T19:00:00+10:00,emissions,t,emissions_GOESF1,GOESF1,,,0.0
2025-12-03T19:00:00+10:00,emissions,t,emissions_HPR1,HPR1,,,0.0
2025-12-03T19:00:00+10:00,emissions,t,emissions_HPRG1,HPRG1,,,0.0
2025-12-03T19:00:00+10:00,emissions,t,emissions_HUNTER1,HUNTER1,,,0.0
2025-12-03T19:00:00+10:00,emissions,t,emissions_HUNTER2,HUNTER2,,,0.0
2025-12-03T19:00:00+10:00,emissions,t,emissions_LYA1,LYA1,,,1221.4115
2025-12-03T19:00:00+10:00,emissions,t,emissions_LYA2,LYA2,,,0.0
2025-12-03T19:00:00+10:00,emissions,t,emissions_LYA3,LYA3,,,1195.4368
2025-12-03T19:00:00+10:00,emissions,t,emissions_LYA4,LYA4,,,1202.2568
2025-12-03T19:00:00+10:00,emissions,t,emissions_MBPS2PV1,MBPS2PV1,,,0.0
2025-12-03T19:00:00+10:00,emissions,t,emissions_MPP_1,MPP_1,,,722.8225
2025-12-03T19:00:00+10:00,emissions,t,emissions_MPP_2,MPP_2,,,0.0
2025-12-03T19:00:00+10:00,emissions,t,emissions_MOUSF1,MOUSF1,,,0.0
2025-12-03T19:00:00+10:00,emissions,t,emissions_RPCG,RPCG,,,1.0008
2025-12-03T19:00:00+10:00,emissions,t,emissions_RUGBYR1,RUGBYR1,,,0.0
2025-12-03T19:00:00+10:00,emissions,t,emissions_RYANCWF1,RYANCWF1,,,0.0
2025-12-03T19:00:00+10:00,emissions,t,emissions_WINTSF1,WINTSF1,,,0.0
2025-12-03T19:00:00+10:00,emissions,t,emissions_WRWF1,WRWF1,,,0.0
2025-12-03T19:00:00+10:00,emissions,t,emissions_WSTWYSF1,WSTWYSF1,,,0.0
2025-12-03T19:00:00+10:00,emissions,t,emissions_YARANSF1,YARANSF1,,,0.0
2025-12-03T19:00:00+10:00,power,MW,power_CETHANA,CETHANA,,,955.712
2025-12-03T19:00:00+10:00,power,MW,power_CHYTWF1,CHYTWF1,,,389.34
2025-12-03T19:00:00+10:00,power,MW,power_CLOVER,CLOVER,,,0.0
2025-12-03T19:00:00+10:00,power,MW,power_CG1,CG1,,,0.0
2025-12-03T19:00:00+10:00,power,MW,power_CG2,CG2,,,0.0
2025-12-03T19:00:00+10:00,power,MW,power_CG3,CG3,,,0.0
2025-12-03T19:00:00+10:00,power,MW,power_CG4,CG4,,,0.0
2025-12-03T19:00:00+10:00,power,MW,power_FISHER,FISHER,,,0.0
2025-12-03T19:00:00+10:00,power,MW,power_JBUTTERS,JBUTTERS,,,2777.2058
2025-12-03T19:00:00+10:00,power,MW,power_MUWAWF1,MUWAWF1,,,1238.66
2025-12-03T19:00:00+10:00,power,MW,power_MUWAWF2,MUWAWF2,,,751.0
2025-12-03T19:00:00+10:00,power,MW,power_TVCC201,TVCC201,,,0.0
2025-12-03T19:00:00+10:00,power,MW,power_WANDSF1,WANDSF1,,,0.0
2025-12-03T19:00:00+10:00,emissions,t,emissions_CETHANA,CETHANA,,,0.0
2025-12-03T19:00:00+10:00,emissions,t,emissions_CHYTWF1,CHYTWF1,,,0.0
2025-12-03T19:00:00+10:00,emissions,t,emissions_CLOVER,CLOVER,,,0.0
2025-12-03T19:00:00+10:00,emissions,t,emissions_CG1,CG1,,,0.0
2025-12-03T19:00:00+10:00,emissions,t,emissions_CG2,CG2,,,0.0
2025-12-03T19:00:00+10:00,emissions,t,emissions_CG3,CG3,,,0.0
2025-12-03T19:00:00+10:00,emissions,t,emissions_CG4,CG4,,,0.0
2025-12-03T19:00:00+10:00,emissions,t,emissions_FISHER,FISHER,,,0.0
2025-12-03T19:00:00+10:00,emissions,t,emissions_JBUTTERS,JBUTTERS,,,0.0
2025-12-03T19:00:00+10:00,emissions,t,emissions_MUWAWF1,MUWAWF1,,,0.0
2025-12-03T19:00:00+10:00,emissions,t,emissions_MUWAWF2,MUWAWF2,,,0.0
2025-12-03T19:00:00+10:00,emissions,t,emissions_TVCC201,TVCC201,,,0.0
2025-12-03T19:00:00+10:00,emissions,t,emissions_WANDSF1,WANDSF1,,,0.0
